"14593.9923955161","31789.426604446","46718.3741541484","62431.1736912296","91248.8184702444","106314.164875927","119797.292290752","134268.531240646","144725.849112066","155024.810950409","166277.807413092","176088.965814715","183625.496284713","191691.569408669","199855.687261745","204471.380083256","208531.596862328","214008.895310132","218537.197746043","223069.801530978","231646.014147923","238513.602435905","242484.055418535","246507.351147562","251696.943943032","256456.433224698","260094.016382538","263714.628020608","280494.968148061","297940.861745658","352257.947105898","363079.326268704","365019.14319963","366746.727608198","380636.311081573","387912.954260892","390747.975536455","393967.521305684","397659.534621726","407166.739380298","414733.542864311","420876.167072676","428820.417468142","434914.334297632","444272.626034677","453748.009657388","464994.433691416","480371.243417128","489430.062843785","506158.941088985","524491.166696698","547501.06935069","567181.546971101","596505.434497267","613005.442139381","627768.818290296","642923.257134009","654197.202141585","664506.181349207","674995.684529049","684725.598972195","692106.449615683","699577.925587605","708214.144809918","712779.928565689","716149.891221806","720445.562171941","724084.366496955","727895.149537089","732701.998317135","737952.443291126","746940.681275833","753102.681742431","758206.317912891","762258.55985403","768694.399970903","772580.235751228","776009.451933212","780094.053143418","800177.890489989","824668.566365032","870031.792635806","874251.311436728","875991.459607356","877895.981711013","892552.90683942","898467.122240496","901447.142603604","904052.230669409","913880.011149973","921994.910868211","928628.193054592","935824.336204412","942031.381218216","950778.386070225","960130.441172946","970253.735867794","985921.158232951","994989.289681554"
71,80,220,555,389,340,572,459,423,498,558,466,457,481,256,387,549,457,401,639,586,144,523,432,504,358,421,595,307,454,342,191,96,565,444,117,469,559,936,506,432,573,391,625,461,440,497,219,518,114,319,269,610,458,651,509,340,599,535,460,421,560,532,389,520,643,283,451,613,289,603,351,268,224,567,244,320,540,502,430,388,222,97,215,835,430,55,465,629,514,461,524,299,702,389,445,465,317,462
86,85,191,568,390,405,445,449,482,483,547,464,508,503,259,400,663,504,416,761,587,116,586,610,668,450,487,453,461,320,295,170,115,708,606,127,514,758,882,629,410,646,403,672,490,409,526,237,557,121,367,254,671,596,632,465,326,609,539,492,506,606,514,376,640,564,341,533,711,374,565,362,213,256,708,285,323,619,1004,478,387,329,84,218,966,685,77,505,773,561,482,586,460,692,487,520,405,321,472
92,95,213,559,352,360,469,416,502,580,524,468,484,526,205,373,713,427,441,682,500,157,387,486,566,384,465,483,351,373,381,57,83,499,497,151,428,785,837,569,445,638,396,618,446,369,476,192,443,95,350,266,676,533,615,536,348,597,532,462,531,561,489,470,868,660,324,503,499,384,560,336,333,330,469,271,229,659,565,390,462,243,51,182,787,372,35,550,671,466,487,490,443,646,523,447,476,295,470
93,104,241,575,433,376,448,508,493,500,503,452,494,476,232,347,773,396,447,588,553,171,571,636,586,554,353,418,457,490,717,178,65,495,721,169,434,830,1023,725,531,572,504,702,507,448,494,233,510,104,371,268,743,463,630,532,367,616,544,506,530,568,497,486,684,622,354,626,484,355,591,335,245,494,576,363,285,655,864,553,525,413,129,124,828,644,56,540,800,536,439,599,347,645,535,459,450,295,480
75,86,228,607,474,388,564,512,548,570,643,592,608,561,282,452,644,427,437,810,557,160,674,690,511,481,475,418,377,656,446,108,71,555,573,152,490,551,989,690,536,585,570,728,528,427,610,237,563,109,356,366,767,552,746,558,410,581,602,527,520,607,575,525,523,546,332,616,521,351,776,404,301,316,673,304,247,441,533,585,452,314,124,175,781,501,54,628,706,517,600,613,427,700,475,570,456,313,483
84,112,225,612,435,455,533,457,499,552,579,449,571,602,257,444,498,387,335,775,580,164,416,612,640,494,493,437,341,452,342,139,103,582,553,143,428,710,940,673,395,549,455,714,564,425,664,202,557,165,354,289,692,592,656,574,426,660,556,486,490,574,566,467,635,556,321,562,678,411,582,340,246,224,723,289,371,467,974,522,311,265,125,188,1035,559,64,414,622,514,478,570,417,708,453,537,419,336,529
82,101,249,593,427,440,493,485,484,571,635,539,488,522,246,384,750,443,392,786,647,218,460,722,814,413,520,574,570,431,491,70,117,747,537,150,547,776,976,628,492,492,405,666,512,414,587,280,571,143,343,275,684,574,647,574,392,520,618,476,614,569,584,497,830,524,391,484,623,420,685,357,262,492,617,327,302,810,850,543,514,312,80,258,1147,611,49,513,1021,633,436,607,526,757,550,550,579,414,468
93,108,204,563,424,390,517,411,454,537,576,466,527,478,247,336,724,412,390,734,457,154,396,770,490,457,542,434,347,490,642,172,75,711,564,170,489,666,905,646,469,641,458,588,440,434,550,251,424,142,344,255,578,529,587,550,346,529,541,462,466,533,460,437,867,571,273,689,487,329,563,290,299,460,573,295,343,591,1028,523,621,422,181,172,908,558,30,487,995,493,377,467,385,656,455,440,456,309,454
90,90,219,569,375,397,503,462,528,499,558,466,495,484,240,430,612,394,438,680,547,130,636,654,625,432,469,540,442,537,510,151,81,447,616,146,430,821,992,620,472,576,510,649,463,421,514,250,509,133,406,320,590,480,589,521,340,511,589,489,421,596,501,423,624,545,376,478,488,305,608,333,261,418,621,316,251,481,838,623,547,362,111,151,864,631,45,539,861,555,494,606,403,671,553,504,439,289,518
55,87,226,507,349,376,461,386,515,518,553,488,438,483,226,462,507,307,311,682,428,128,488,457,561,471,293,337,291,349,458,194,61,337,473,150,405,687,729,692,485,638,480,650,496,405,633,197,575,93,296,244,711,492,601,539,365,593,496,447,411,567,473,431,653,536,246,560,613,316,604,311,317,234,613,270,256,421,688,400,361,228,128,132,744,393,44,393,566,509,421,552,312,612,445,514,393,301,411
83,78,192,570,342,344,423,433,442,561,500,470,476,460,220,454,508,402,437,708,575,185,492,682,845,488,508,406,463,472,455,103,63,606,640,127,479,622,989,613,423,410,462,700,502,392,555,229,533,145,313,282,637,483,649,457,376,532,563,416,461,493,500,444,619,527,301,517,654,352,535,354,240,288,555,281,269,744,924,460,377,347,112,180,938,644,37,572,845,507,470,529,420,640,489,489,412,300,410
74,103,184,590,403,373,487,424,413,498,535,491,439,456,259,312,624,414,406,711,498,119,533,851,555,312,431,620,355,457,629,105,84,685,526,119,473,604,778,730,397,464,384,591,438,403,449,183,543,125,349,269,635,493,674,514,350,553,577,446,477,505,493,461,615,654,308,587,635,411,532,356,323,368,641,279,384,563,799,511,494,426,119,251,982,604,44,508,906,458,426,567,336,721,428,510,446,314,508
85,106,269,604,383,455,546,491,486,572,576,436,476,550,274,376,590,467,378,781,575,154,558,472,732,299,359,613,403,516,535,267,91,641,593,141,427,763,966,525,485,572,469,646,467,434,562,275,577,145,338,280,621,557,620,602,348,611,513,467,484,660,462,419,843,548,264,588,580,269,720,360,285,332,649,343,289,725,747,534,473,413,85,233,1005,529,43,490,1011,598,492,587,427,712,574,487,493,331,542
84,111,241,639,452,393,479,449,524,541,636,539,568,578,274,464,719,478,401,896,612,130,619,608,707,500,494,650,414,272,416,191,105,627,564,161,384,824,919,637,486,686,467,668,507,416,569,232,501,137,316,309,682,655,599,562,380,644,595,537,522,628,523,532,630,617,402,578,578,399,624,323,326,319,996,281,280,838,701,461,448,302,116,200,912,568,34,531,848,509,522,606,371,745,548,541,489,322,491
69,66,195,513,323,358,438,413,543,532,484,461,459,483,215,468,507,296,473,506,437,183,424,634,621,492,439,347,437,308,289,103,60,478,586,145,440,779,858,659,478,476,434,670,480,424,544,203,467,94,374,251,575,528,650,464,423,477,511,436,508,514,484,421,553,582,292,629,489,357,594,284,233,293,486,309,309,556,653,420,273,222,145,173,689,429,39,614,675,494,435,483,388,610,429,456,372,278,419
61,83,230,691,450,406,504,527,482,581,548,521,558,449,242,404,622,446,433,664,534,166,563,666,560,525,458,426,440,357,337,140,99,729,566,143,569,638,835,744,572,496,475,683,562,454,550,227,565,107,351,289,797,492,628,622,395,627,615,493,479,584,514,520,562,526,339,643,542,403,652,343,273,578,631,302,310,556,898,503,363,184,136,182,1005,543,79,564,949,487,522,595,354,727,484,577,429,372,468
59,387,276,266,299,292,362,310,291,313,391,216,440,272,421,151,350,451,285,410,596,340,369,335,638,518,258,344,472,427,376,226,156,315,573,218,202,487,921,642,201,657,347,426,409,249,417,410,244,576,310,297,331,256,572,411,271,426,279,312,398,459,278,340,480,776,278,123,477,331,147,513,557,168,344,593,223,360,776,488,397,287,115,86,712,615,127,198,763,470,295,450,401,457,506,314,339,399,231
34,443,310,245,256,292,341,300,257,257,483,204,404,238,321,166,329,382,273,374,467,385,314,250,600,484,340,249,396,533,508,328,168,297,556,208,273,408,908,639,248,578,344,452,417,285,316,366,246,454,319,295,359,225,564,376,268,455,304,241,357,488,281,262,622,692,252,119,678,246,162,481,449,172,277,469,260,204,857,571,537,426,226,55,488,591,158,213,680,607,320,435,428,376,498,324,301,399,255
50,397,273,287,255,274,342,287,309,275,522,226,425,301,364,217,255,380,328,354,572,317,381,556,623,545,366,295,479,437,481,263,113,372,767,183,315,429,1108,571,247,623,419,481,363,309,371,423,231,458,309,322,295,290,592,454,304,475,307,316,435,514,282,251,767,607,317,137,692,244,147,501,472,192,336,549,215,333,874,577,421,323,89,98,779,752,119,212,743,512,295,398,443,411,440,335,361,350,255
47,433,313,259,263,259,346,306,276,249,423,205,410,274,369,190,287,332,280,325,507,346,358,468,454,549,341,317,267,390,592,300,119,335,540,196,241,458,855,444,249,570,394,417,368,283,384,442,220,523,232,332,316,242,538,380,270,372,292,273,358,411,260,283,793,659,339,93,619,273,109,576,335,159,346,617,218,278,731,480,507,477,211,92,749,564,170,141,631,424,302,435,346,402,468,313,333,373,235
44,407,278,265,267,273,342,288,268,298,390,210,404,313,394,191,298,409,348,348,567,315,420,378,448,610,330,232,528,538,591,261,127,281,817,219,202,471,1220,641,278,582,382,447,404,265,394,411,243,456,284,290,298,304,513,405,283,461,336,273,404,443,293,320,613,683,354,115,600,311,127,492,480,161,264,608,243,312,766,653,624,448,112,99,684,743,127,222,703,500,313,455,369,400,536,342,364,410,196
29,413,310,289,247,284,333,248,234,288,425,225,381,272,388,170,288,454,271,405,498,349,325,346,530,499,321,262,443,550,475,352,184,301,501,209,222,365,1058,619,214,558,364,367,386,260,401,365,232,515,326,286,325,187,603,392,251,433,266,235,352,428,250,295,626,702,258,86,537,303,123,392,468,109,358,534,244,271,659,484,532,435,171,68,720,573,171,162,815,618,307,427,423,397,468,311,333,418,243
34,362,336,285,224,234,329,269,250,251,466,188,354,258,325,185,275,328,257,278,474,276,294,518,398,443,310,207,366,268,298,200,145,245,641,189,244,381,901,445,217,535,411,423,302,279,332,386,256,418,245,286,267,231,516,333,249,427,282,221,323,405,224,228,712,570,215,117,605,172,161,439,499,179,286,469,214,308,662,408,331,228,100,43,540,561,133,194,570,543,332,365,369,355,398,368,272,375,194
49,367,266,281,257,300,367,275,284,317,520,189,427,276,379,183,319,403,262,413,410,367,332,590,506,439,431,282,346,347,481,254,140,376,678,161,267,429,758,634,285,571,387,458,394,292,434,420,254,417,288,247,328,268,554,340,290,433,290,293,413,398,264,276,693,616,302,74,765,223,125,537,494,124,463,505,216,290,863,476,430,399,92,117,718,590,167,168,690,442,304,431,386,394,370,276,341,365,202
44,438,358,248,196,288,305,272,264,269,378,175,362,255,375,183,252,368,274,363,488,332,342,392,374,465,370,235,326,597,471,234,123,275,685,203,232,410,828,523,222,556,370,406,402,277,349,411,265,483,251,321,278,233,483,378,246,400,253,265,334,419,262,339,575,638,289,143,577,265,115,458,434,165,281,541,249,183,506,563,618,376,129,54,485,609,125,213,612,462,358,386,391,403,457,333,324,383,234
52,356,261,320,253,271,320,298,296,313,440,224,318,360,344,160,353,370,210,443,451,378,366,485,710,474,449,215,614,609,378,270,187,365,622,203,229,364,997,589,251,515,381,420,394,273,380,403,275,365,273,271,310,260,488,481,284,453,334,296,372,463,276,270,523,754,310,124,579,351,94,405,455,213,324,587,304,289,822,519,480,346,160,96,823,660,163,201,741,503,351,440,373,448,474,301,306,405,209
44,408,325,280,261,268,324,224,263,261,431,142,361,288,380,168,275,341,255,242,607,366,274,470,399,401,340,236,389,566,595,209,168,258,537,223,239,377,1063,475,255,514,371,413,329,276,357,430,234,454,249,251,258,207,576,396,233,410,308,270,289,422,249,207,677,634,280,125,547,258,127,456,371,119,276,458,231,304,671,554,642,511,167,65,800,535,118,172,816,538,340,377,376,389,451,305,339,330,204
49,368,254,296,271,252,341,272,269,298,489,212,438,338,429,204,293,421,304,382,545,340,320,550,426,569,372,248,438,436,538,285,73,310,643,197,194,550,1062,545,239,629,384,476,389,269,381,377,252,463,274,280,274,289,510,407,270,453,281,307,438,457,245,281,575,566,311,87,648,214,127,516,415,148,336,538,223,259,926,571,485,400,166,67,574,797,133,198,641,503,340,449,362,406,533,383,308,389,217
51,433,322,243,205,289,368,302,277,270,456,162,383,305,376,173,311,365,256,345,485,338,316,357,503,369,284,274,449,513,491,168,128,258,644,161,227,382,936,551,206,556,334,420,374,262,361,394,232,488,254,309,267,242,556,400,254,402,252,256,354,410,263,283,713,640,270,136,527,239,138,426,484,147,310,565,213,210,493,571,502,330,126,70,530,551,113,193,735,465,272,406,347,425,555,272,365,399,204
55,394,264,263,300,284,365,314,284,301,463,199,419,298,366,218,244,355,251,446,531,332,377,435,514,524,380,257,465,479,482,297,158,313,663,228,261,461,1145,630,245,588,401,502,378,290,364,419,260,419,252,274,324,298,532,397,294,437,336,272,374,471,322,288,587,687,277,133,655,234,165,631,433,152,318,591,278,212,727,581,455,430,272,65,748,666,175,182,669,511,337,433,431,397,484,317,292,350,207
34,352,275,308,245,341,364,269,273,267,487,225,402,313,407,173,311,336,269,368,611,366,494,615,389,496,479,320,524,532,604,240,143,363,645,201,294,439,830,484,283,475,447,455,414,328,388,392,251,423,323,291,308,280,512,412,267,504,320,299,368,495,302,258,786,707,371,170,586,267,125,451,554,138,333,478,249,341,812,600,614,433,101,105,954,635,116,154,714,478,328,469,495,424,489,314,355,325,229
53,341,256,254,247,245,319,260,266,261,379,209,350,283,338,159,216,412,296,333,479,379,290,491,342,577,309,217,287,423,404,240,69,340,551,210,189,405,870,463,222,537,332,409,314,282,355,362,236,484,268,260,274,282,458,351,288,388,311,267,372,401,238,284,614,542,278,117,582,215,90,477,278,144,369,464,227,276,735,460,428,321,188,70,824,544,122,174,640,506,313,422,335,382,472,306,320,371,223
33,290,339,232,314,203,375,293,227,380,287,300,331,248,399,344,138,196,423,120,334,489,384,139,156,415,276,3,255,226,278,188,139,99,454,348,86,362,682,520,340,412,244,381,404,308,241,407,217,420,312,226,175,274,517,261,155,446,208,291,372,364,221,316,667,590,164,210,628,164,64,469,423,229,129,652,478,123,209,257,195,118,144,106,359,516,320,185,271,364,374,322,357,332,424,397,213,384,315
46,263,299,286,412,278,411,339,197,401,322,328,297,329,403,400,88,292,469,110,346,613,405,206,235,501,231,3,403,379,608,413,284,183,537,358,74,406,918,481,329,433,306,398,492,278,221,406,212,454,395,215,185,312,524,244,170,392,237,298,449,258,233,281,744,568,184,182,527,258,72,573,311,340,177,598,446,203,232,377,527,465,249,95,423,586,397,201,279,397,451,280,466,345,402,380,228,408,332
50,258,331,244,370,210,318,341,209,348,310,297,336,308,334,303,152,247,391,119,328,520,410,216,187,358,221,2,245,101,229,125,184,130,426,331,121,367,731,579,420,431,284,402,445,318,243,325,215,423,312,195,200,300,443,244,179,363,215,262,457,303,215,305,669,504,193,149,391,258,65,428,376,346,82,729,338,158,286,237,235,125,139,84,460,591,267,220,294,396,377,287,434,288,431,382,277,349,314
53,262,310,265,392,245,414,311,218,420,304,307,302,328,398,309,135,244,486,103,258,581,452,196,234,650,339,0,285,267,290,268,322,124,543,229,111,317,674,497,303,394,299,363,483,358,274,390,211,372,358,208,185,330,475,233,207,415,246,263,475,336,202,374,659,596,129,113,628,232,88,463,417,215,144,643,411,225,218,354,324,209,122,110,409,584,290,181,286,384,394,294,487,296,416,397,236,398,334
38,266,331,231,317,211,406,329,206,369,314,339,297,282,338,294,122,267,455,145,288,507,489,208,164,454,232,4,227,248,464,250,228,124,395,310,109,357,538,448,339,409,272,381,417,224,229,371,235,425,335,234,199,273,507,227,196,433,189,255,399,356,216,286,577,639,168,150,543,181,69,419,241,236,179,464,358,154,254,240,367,287,229,106,313,445,284,212,291,386,379,295,365,285,386,408,225,298,340
43,233,330,257,383,268,382,334,197,418,330,336,332,250,396,296,165,265,322,170,331,582,407,247,211,634,275,7,339,316,539,380,313,121,524,345,80,412,857,635,365,446,330,445,507,362,304,387,240,386,352,241,205,308,598,294,173,407,241,273,518,339,269,352,787,737,180,211,745,251,78,500,359,314,156,706,436,232,262,355,372,409,235,103,429,630,341,230,269,430,432,284,398,336,511,398,218,377,373
35,238,329,252,335,243,351,338,175,340,252,346,325,299,327,344,139,239,489,130,273,527,499,199,99,414,271,1,254,396,710,236,175,140,348,314,98,424,623,504,407,336,285,392,422,241,290,305,239,403,322,169,193,272,482,247,177,374,187,241,440,301,230,307,710,527,240,151,540,243,46,426,308,284,155,563,416,143,210,300,444,470,210,103,311,503,225,231,234,362,434,237,415,325,444,366,255,348,318
50,229,310,266,389,245,416,268,219,405,334,331,332,342,364,310,168,216,479,109,328,474,417,229,148,578,252,4,284,242,257,290,250,97,503,235,109,299,848,491,387,393,322,386,589,316,297,384,244,411,327,214,198,377,517,289,187,407,272,319,478,325,242,342,699,521,212,119,587,173,96,490,363,266,110,526,439,201,153,297,270,162,141,76,408,462,203,200,281,430,387,322,449,344,382,439,281,395,368
30,278,294,289,365,213,368,300,218,378,340,386,295,291,377,326,133,226,503,102,337,413,548,173,215,502,165,3,265,257,329,273,245,113,394,296,118,356,752,637,344,438,301,387,460,298,297,420,232,475,376,210,177,305,529,256,202,401,244,252,508,316,266,340,691,449,176,127,492,152,74,466,309,203,114,489,411,117,288,253,370,233,206,87,370,439,334,203,327,426,423,307,438,288,470,423,256,388,356
40,275,365,211,325,226,376,313,172,380,306,339,299,254,406,241,134,206,326,157,266,463,397,249,165,546,239,1,270,299,330,416,318,109,455,310,95,331,640,596,277,365,273,373,470,291,267,369,209,402,341,195,206,267,501,249,169,404,243,231,470,314,271,289,492,656,146,171,613,278,76,431,341,260,123,559,309,205,172,328,394,216,238,93,309,563,346,213,268,347,406,262,380,319,413,425,244,358,310
45,263,327,262,351,246,391,302,211,364,299,353,280,289,342,358,116,210,392,129,332,590,480,282,147,668,246,4,265,329,484,314,206,154,412,308,87,408,797,550,367,361,269,361,432,286,289,354,233,400,321,229,203,281,466,249,168,350,225,266,479,358,198,375,709,475,179,193,634,226,68,485,328,243,202,557,452,169,228,323,387,304,240,126,420,590,295,163,295,441,411,202,341,306,446,352,281,357,347
48,283,377,260,315,201,419,302,206,410,285,297,288,302,438,349,142,236,444,97,372,519,545,189,189,659,176,2,337,323,494,192,248,125,517,290,89,421,775,572,332,378,287,412,491,326,245,312,242,407,306,224,182,339,475,261,156,395,197,237,441,309,250,343,666,429,205,202,583,221,51,447,468,179,153,655,422,179,250,376,394,314,158,87,470,619,248,168,237,442,459,288,439,354,414,343,218,372,332
45,279,279,283,371,260,380,316,237,377,346,391,325,333,396,360,163,305,538,132,302,573,588,152,202,679,290,4,378,243,399,236,225,120,458,327,72,359,849,648,381,447,303,339,463,364,290,405,253,395,350,273,202,334,499,304,202,431,225,299,476,374,233,332,641,631,211,125,713,249,70,552,334,212,133,668,469,167,302,348,365,218,154,91,415,602,303,200,342,453,420,295,407,340,431,443,292,449,366
44,252,292,300,369,245,339,344,199,315,303,319,350,259,356,305,143,269,371,121,304,428,388,215,195,420,148,6,300,329,445,372,320,148,478,283,85,338,793,383,343,433,285,331,501,246,277,364,226,427,335,214,165,294,527,266,208,408,238,229,395,368,223,286,542,551,121,164,467,216,81,441,186,340,124,603,293,195,260,320,422,303,224,97,348,510,294,190,312,400,394,294,374,268,482,388,263,358,333
56,240,294,251,380,236,373,346,229,417,355,302,352,338,348,252,180,233,350,128,380,583,409,264,247,455,196,5,284,274,319,172,185,119,409,245,121,374,761,537,358,371,298,416,421,315,272,340,228,348,382,254,228,327,548,279,213,420,231,271,498,358,239,360,729,626,138,174,599,278,69,446,336,358,127,567,435,121,159,312,274,189,153,114,424,625,228,202,276,424,420,283,414,287,445,437,255,408,357
39,280,309,233,318,233,377,318,196,437,295,261,310,223,389,334,135,247,476,85,357,537,421,135,212,545,243,0,268,325,356,318,291,122,400,242,58,395,845,468,309,314,251,378,384,303,227,309,199,388,335,241,172,272,476,250,172,444,201,302,415,336,193,337,635,555,129,203,574,222,67,361,445,95,147,447,388,210,260,389,359,230,210,134,363,455,277,198,257,340,403,300,415,289,402,355,266,340,274
30,458,284,143,279,271,268,237,210,243,282,198,310,238,289,247,280,102,324,163,263,423,379,170,168,342,143,117,273,490,494,381,373,47,274,429,374,161,285,472,394,299,254,283,479,269,327,349,144,513,139,267,113,225,338,281,226,298,261,191,372,309,286,281,493,321,64,395,537,169,165,466,444,330,34,378,271,182,152,392,531,384,256,96,294,416,399,216,229,314,404,273,335,225,462,238,311,443,287
54,469,382,129,362,274,306,269,228,263,323,263,299,229,334,360,244,136,401,267,337,633,510,229,178,608,284,163,379,507,806,475,565,77,479,429,329,154,516,574,421,356,231,295,461,287,311,362,138,527,162,315,127,289,341,318,245,399,305,231,441,338,302,287,574,387,57,466,567,184,195,492,574,337,57,625,426,217,240,466,721,630,368,142,377,476,444,175,264,449,457,277,436,289,559,344,347,408,381
41,332,312,145,293,295,283,256,260,283,314,265,303,275,303,300,279,105,361,225,230,516,408,179,183,691,200,124,251,128,189,153,232,60,306,438,292,153,484,592,364,314,204,217,391,292,241,305,150,468,160,216,118,256,358,306,240,346,231,228,409,238,282,329,500,363,61,459,498,211,200,491,428,313,51,376,322,175,220,263,209,157,144,130,319,472,268,197,262,408,382,238,365,254,449,359,285,360,370
55,516,385,141,374,290,307,261,217,292,332,276,347,241,428,313,283,110,407,265,290,589,451,212,202,546,232,108,376,381,419,364,290,77,457,448,367,105,610,722,425,323,247,283,417,257,295,380,157,594,162,288,134,250,320,305,270,350,344,200,404,311,329,368,492,338,58,547,648,180,191,509,650,380,31,684,318,189,306,450,549,405,228,133,321,628,490,275,281,402,400,280,395,230,542,357,343,326,319
38,411,341,142,317,305,282,229,247,229,296,231,286,204,317,229,307,97,320,173,253,430,315,151,124,294,138,86,210,423,398,367,415,57,241,471,394,172,362,523,414,310,267,315,423,282,277,324,193,534,113,271,138,245,343,289,221,338,268,197,416,294,349,323,531,353,43,425,507,184,192,417,338,254,31,309,312,110,189,336,411,341,208,97,229,330,374,203,212,355,397,284,356,219,501,342,334,390,331
42,543,404,149,339,306,289,276,219,274,315,241,347,257,312,301,241,134,398,203,367,683,626,220,189,693,230,118,386,502,696,520,575,87,502,521,340,135,543,628,478,354,278,337,533,286,305,403,145,574,163,306,136,300,345,378,298,350,316,220,391,328,305,337,607,319,55,503,619,228,194,563,560,338,42,561,434,203,221,423,656,515,371,87,281,625,446,180,278,466,385,313,403,245,533,342,367,437,443
46,453,411,150,332,278,282,324,250,307,330,312,271,266,344,265,273,140,415,228,294,537,408,201,114,756,273,90,257,243,475,261,271,57,325,387,311,162,447,499,416,325,256,285,495,287,280,358,155,521,157,284,106,294,355,319,279,386,239,238,403,312,256,236,554,305,68,443,503,230,219,448,343,273,34,626,423,163,168,289,408,334,189,80,250,445,326,191,316,433,431,289,497,245,502,339,325,410,379
49,430,386,118,286,252,274,264,198,270,317,223,313,231,393,241,229,98,312,180,225,508,453,146,216,580,187,111,301,423,430,474,378,76,308,490,294,127,444,597,357,246,206,268,399,241,237,289,169,523,153,245,115,203,304,246,235,324,281,217,393,285,306,312,467,337,53,566,480,138,171,413,536,345,32,561,250,210,227,393,498,358,220,111,277,431,367,230,283,329,421,243,330,223,494,284,281,319,364
45,510,421,151,335,271,336,249,253,287,358,269,335,236,420,277,324,102,358,206,316,538,495,178,173,535,213,145,391,500,715,470,462,58,437,454,384,173,458,597,367,321,234,280,426,293,317,336,185,574,174,274,138,276,340,309,235,360,291,235,422,314,333,310,530,356,81,540,487,226,174,471,563,248,47,529,365,230,222,409,534,479,314,110,284,500,428,291,219,463,423,264,402,238,587,312,322,376,347
34,396,340,157,342,272,254,230,207,230,252,242,268,199,332,263,260,137,412,210,328,519,467,131,191,459,245,71,230,252,207,241,355,60,359,425,187,155,443,616,368,238,235,298,430,248,249,343,165,435,181,259,141,272,329,291,236,324,261,191,379,288,298,290,428,328,45,470,561,208,150,425,573,283,40,378,271,179,187,283,224,184,172,116,285,435,397,243,210,359,450,214,361,189,433,333,348,377,374
48,472,474,167,355,248,329,285,268,264,343,267,353,250,272,263,294,125,389,219,299,614,432,197,203,646,248,135,330,234,357,254,319,83,443,501,383,156,438,613,443,376,248,306,516,288,317,396,190,611,162,321,137,307,345,326,273,361,272,202,410,305,286,265,581,328,68,445,618,221,188,518,492,327,39,726,436,188,174,317,254,320,260,85,375,595,355,199,275,412,372,246,423,249,561,334,355,371,384
34,424,338,120,288,248,269,207,209,278,326,253,311,225,300,260,233,149,351,180,251,406,419,186,165,492,199,86,337,342,445,303,168,68,331,416,315,142,416,524,396,323,247,334,427,251,279,351,140,517,140,257,135,214,360,255,217,366,268,196,376,274,241,263,532,256,69,477,397,246,206,476,396,311,31,510,299,161,254,373,454,460,243,124,347,490,383,224,312,293,365,267,444,242,442,332,298,316,354
47,603,491,145,371,271,316,260,218,280,329,240,321,240,418,278,287,122,328,231,324,546,374,184,212,579,150,130,342,389,498,312,333,59,474,513,303,205,380,652,387,286,236,230,441,326,314,343,166,513,180,283,105,248,325,289,244,350,281,214,467,322,312,335,563,346,73,586,620,188,193,571,526,307,13,602,394,207,234,448,481,329,271,113,306,524,497,250,238,444,381,294,449,251,555,291,334,414,343
40,465,340,132,317,267,295,265,212,283,302,249,305,220,405,338,244,133,394,224,284,480,551,113,185,470,306,87,251,348,366,320,334,65,388,408,301,174,504,586,327,300,204,257,400,264,251,324,109,463,146,230,110,303,318,312,254,312,273,204,404,292,301,283,526,328,59,461,474,232,225,419,495,320,34,377,385,254,187,303,416,223,382,169,274,375,449,197,205,424,474,236,334,241,486,309,314,363,365
46,391,330,138,324,237,270,249,214,266,304,249,255,256,295,222,231,108,351,208,272,518,388,183,212,506,142,129,262,180,318,177,292,66,350,428,349,84,426,530,293,264,243,207,428,256,280,277,149,529,166,275,102,277,276,286,251,285,279,177,339,253,282,267,457,317,53,501,537,226,183,435,455,271,44,427,320,158,263,281,277,299,102,115,303,453,285,254,214,324,414,230,375,202,607,339,286,371,342
43,405,339,125,294,281,254,217,230,267,320,252,350,239,356,319,262,117,416,175,348,590,331,156,282,522,161,110,258,87,157,135,222,69,349,441,355,123,392,549,453,354,286,314,454,277,308,372,146,559,143,278,105,260,352,298,226,340,256,194,399,276,321,289,527,232,63,408,515,225,226,459,373,353,29,570,265,170,251,251,147,145,153,98,279,480,388,187,259,351,392,266,422,228,480,353,330,365,282
29,285,370,220,505,221,297,302,208,250,262,293,201,275,372,405,205,113,391,191,320,472,418,104,171,423,118,297,354,363,516,257,343,3,251,717,465,227,236,405,412,283,223,222,366,232,294,453,123,423,241,127,176,454,228,184,385,213,292,352,285,244,185,446,313,99,325,587,229,265,679,493,288,370,157,340,387,123,189,402,380,345,294,321,22,353,485,237,258,324,391,223,352,213,338,250,311,445,265
40,305,467,233,491,285,343,280,255,212,304,279,236,342,377,348,203,109,363,214,290,471,321,125,175,549,53,277,289,484,384,334,650,10,297,540,423,167,303,339,380,370,292,252,372,260,254,476,151,499,214,130,211,424,265,162,373,225,278,378,342,168,185,478,300,136,252,524,269,298,541,502,427,352,182,484,326,142,171,414,423,254,550,367,31,420,414,278,222,374,357,326,362,184,361,323,339,425,289
39,261,442,233,438,278,255,302,248,222,313,302,226,383,332,319,179,108,430,233,289,443,367,148,190,339,60,294,482,362,449,366,410,8,321,660,435,143,210,395,380,373,284,262,399,269,284,470,111,454,197,126,211,376,239,148,396,194,346,294,319,247,180,479,349,87,266,384,251,346,629,485,316,474,261,541,314,148,250,498,415,430,339,350,44,482,449,234,248,278,397,260,448,191,386,340,333,472,266
65,351,438,221,522,267,277,289,217,241,299,317,226,392,499,321,239,100,328,181,331,545,352,116,324,507,54,316,357,450,499,293,295,14,349,545,463,133,314,453,362,388,333,293,366,273,294,485,154,455,217,125,224,432,284,187,374,206,328,290,331,270,207,529,389,74,280,662,233,256,700,492,319,340,188,507,348,126,187,503,385,414,300,304,54,475,523,218,231,366,407,239,425,212,396,318,335,418,257
49,271,435,225,532,193,334,313,257,246,314,311,205,358,361,384,203,111,410,172,280,417,364,130,207,451,131,284,350,303,380,294,381,7,312,569,503,164,270,500,444,302,258,239,350,217,340,436,107,379,229,134,205,415,252,147,394,198,315,340,359,282,180,502,356,128,339,530,200,234,672,528,323,426,191,410,444,133,138,416,410,337,299,338,45,426,537,234,255,391,386,261,453,250,321,295,333,439,274
50,291,401,227,417,251,350,279,250,255,286,311,210,351,462,473,181,88,379,160,277,377,307,108,122,262,37,235,230,381,281,356,500,5,255,528,412,137,227,388,432,275,258,229,366,254,267,529,113,404,246,111,208,387,269,172,389,194,296,357,295,229,183,448,325,102,263,659,227,363,560,508,250,222,124,364,160,133,176,336,444,221,479,353,26,317,339,254,236,382,338,226,404,207,330,297,329,402,249
59,274,396,213,490,223,338,314,234,204,302,321,220,356,366,302,210,99,451,219,282,441,267,139,173,483,115,153,399,366,498,371,438,8,320,544,495,144,250,410,395,358,241,242,347,260,286,444,108,401,223,122,233,400,265,162,347,210,325,264,278,216,171,416,372,94,216,609,241,362,546,537,314,321,201,480,267,149,187,484,510,398,446,298,34,472,438,299,231,284,389,230,399,162,383,316,305,428,249
36,246,361,191,455,227,245,273,241,207,342,242,179,363,462,312,209,96,333,167,274,496,314,112,260,356,50,233,273,415,397,254,321,6,272,502,409,137,293,426,339,373,222,251,432,236,289,458,136,419,214,114,170,390,236,134,336,203,324,284,290,234,186,468,413,92,204,475,317,265,538,425,350,389,197,369,290,117,152,369,269,295,234,197,36,327,476,217,214,226,285,239,440,177,354,289,305,443,270
53,323,427,245,487,292,310,304,216,216,333,274,216,359,328,350,173,111,355,163,277,475,350,95,246,404,95,246,465,392,375,276,378,3,331,589,535,133,202,440,412,363,290,274,367,242,291,461,117,426,290,115,215,414,224,164,357,184,322,307,309,242,207,487,334,67,278,521,256,256,703,594,310,528,223,400,281,107,233,531,412,310,279,322,41,419,517,255,222,365,383,248,361,221,391,270,334,411,256
39,254,381,239,446,224,299,285,212,225,265,250,213,392,388,404,184,85,389,213,245,397,283,98,143,313,35,189,225,312,333,297,516,5,225,397,355,119,251,351,348,272,254,226,332,213,284,433,147,347,235,98,238,397,230,139,381,192,320,361,328,293,218,505,367,77,278,520,131,329,749,498,212,322,150,510,180,75,214,310,328,381,317,423,34,290,395,216,229,295,319,216,387,220,345,276,311,433,249
52,273,433,218,547,258,336,278,237,242,291,294,247,321,508,355,259,106,363,191,225,513,298,83,236,452,91,244,282,445,445,305,355,11,316,640,443,140,288,390,336,273,219,230,289,248,285,442,127,420,226,136,204,381,255,151,326,219,267,330,309,224,221,472,362,82,270,602,248,347,566,528,292,451,198,386,375,82,170,499,437,413,298,341,30,378,585,258,221,382,363,233,419,183,350,342,300,408,240
54,293,371,245,475,270,249,305,236,205,280,292,229,307,357,378,193,118,402,201,263,476,331,105,247,431,124,230,360,417,357,269,454,8,305,536,514,136,205,485,311,355,233,274,410,226,315,452,119,337,198,132,226,444,256,151,384,222,305,360,269,234,190,426,381,80,284,665,211,286,617,442,419,371,198,370,313,164,230,376,386,302,385,329,28,331,406,261,256,308,361,241,469,180,372,258,357,415,212
44,292,411,253,491,239,315,332,257,221,332,322,189,306,418,322,213,101,379,271,301,420,334,116,305,383,102,287,314,212,181,202,475,2,308,615,411,130,174,393,388,292,281,255,373,244,271,468,148,363,241,123,227,434,223,171,384,211,277,307,304,224,209,519,306,106,262,498,260,253,602,522,280,430,148,465,310,119,207,392,242,179,303,354,39,369,397,228,247,306,395,246,405,233,339,290,302,462,245
52,259,378,218,456,235,337,291,249,263,269,268,248,333,341,375,210,105,528,149,277,443,304,115,207,524,43,214,243,156,203,202,348,9,324,511,317,173,306,423,475,357,291,271,363,259,328,455,121,448,229,149,197,381,276,183,369,194,403,304,388,225,181,454,308,113,253,419,267,284,601,443,396,480,160,466,272,157,178,326,118,235,218,241,40,430,355,236,219,380,328,309,423,200,407,344,321,419,239
29,247,419,195,392,245,263,255,271,233,253,240,249,361,424,279,209,97,301,230,210,442,171,94,144,315,72,170,211,279,334,179,266,13,229,482,244,132,174,388,326,218,257,240,304,253,273,435,120,411,188,108,190,355,224,142,358,203,289,327,337,275,241,484,381,65,214,512,264,288,540,478,257,370,163,320,261,119,154,349,385,371,265,311,31,310,397,215,211,258,346,215,379,208,366,300,263,408,231
63,272,440,202,479,239,318,334,221,241,329,272,191,391,409,306,187,102,375,139,287,505,394,132,186,498,66,193,399,349,289,321,454,6,331,454,317,165,311,477,394,320,229,253,333,251,301,389,145,470,196,118,201,419,273,166,367,221,294,309,294,276,172,457,367,50,246,637,268,195,698,487,385,345,158,321,360,120,187,412,355,290,297,268,41,444,495,244,265,358,428,232,505,212,388,313,334,427,239
30,454,483,120,340,287,247,287,228,264,323,240,426,261,317,151,128,327,248,437,401,258,175,255,631,256,286,369,519,401,373,209,379,122,365,566,521,188,280,320,264,436,259,308,393,245,387,418,126,640,97,277,118,239,192,366,241,305,335,284,277,367,239,335,107,104,738,498,139,343,793,550,399,362,298,169,352,180,453,373,411,327,223,265,151,437,433,280,98,374,247,339,284,428,340,203,349,332,228
40,443,394,131,342,299,247,263,187,247,331,198,410,292,341,233,124,288,271,421,399,421,287,125,404,340,231,403,463,542,429,312,401,101,323,622,565,197,209,388,375,422,265,318,417,222,370,420,123,556,99,274,114,296,175,355,249,248,365,322,222,323,211,380,80,84,716,663,113,362,938,417,456,489,270,198,401,145,361,460,466,377,313,353,134,326,348,279,133,455,310,378,330,388,338,165,353,353,287
32,497,366,130,339,326,233,272,208,236,359,237,398,276,319,230,128,293,273,330,441,429,243,267,459,365,275,359,560,679,494,497,515,110,412,613,579,161,276,354,392,406,316,275,393,204,347,398,121,557,84,261,118,298,179,365,279,279,351,310,255,298,232,408,124,98,882,627,105,300,844,523,491,606,348,332,362,170,294,586,669,490,378,371,162,415,326,277,125,482,323,322,302,406,375,167,390,343,201
35,532,429,107,274,288,250,274,183,259,335,164,375,273,365,218,108,330,223,440,368,454,254,192,514,304,297,432,623,576,574,317,336,124,381,601,585,177,316,287,309,365,236,295,344,224,344,398,127,625,71,271,108,320,190,313,297,263,339,301,215,363,214,330,107,112,766,440,112,280,712,506,372,423,421,195,368,208,410,433,568,446,160,262,239,445,402,282,115,360,267,361,292,335,333,182,383,340,244
46,559,508,148,354,363,261,317,206,350,390,231,457,278,333,181,117,351,286,373,492,357,167,239,501,312,326,482,542,494,410,345,335,128,384,596,568,149,243,343,365,398,288,270,419,292,383,452,98,631,91,280,129,329,188,389,270,303,380,304,260,422,211,394,100,91,803,579,129,397,731,480,435,456,288,330,366,144,468,464,451,360,232,272,175,471,501,255,125,451,335,401,369,442,366,219,438,344,320
38,422,373,144,303,302,255,336,202,235,319,189,389,278,313,187,119,247,227,543,449,409,189,261,430,266,305,402,410,638,548,342,500,83,308,451,575,114,296,374,355,394,315,286,374,231,359,486,117,648,124,249,95,317,174,380,225,247,335,274,241,333,214,347,110,121,754,611,121,327,833,471,462,553,218,153,336,121,415,420,602,484,277,423,135,292,326,277,140,444,277,356,292,402,320,217,432,420,283
33,391,332,106,295,280,225,248,210,230,283,209,328,291,289,191,122,184,297,312,392,393,286,153,431,239,221,312,385,402,304,330,313,87,356,602,485,140,172,282,362,390,264,274,414,216,396,453,103,553,108,262,103,261,153,356,235,277,286,305,225,302,236,364,132,112,704,527,130,211,747,439,401,661,313,366,258,185,320,393,534,357,219,386,149,360,303,228,140,430,319,297,318,379,319,185,359,321,281
46,452,346,130,270,300,228,256,207,234,297,187,378,241,342,176,104,300,247,475,351,417,244,127,546,338,236,326,445,309,386,206,362,131,324,636,440,163,274,319,233,403,276,284,339,244,333,433,103,511,83,247,82,280,184,380,249,328,288,309,225,341,222,319,111,86,628,371,112,329,888,501,360,504,279,172,382,188,271,384,341,350,108,217,184,356,386,209,102,423,282,313,315,422,311,178,323,344,253
59,435,445,113,293,301,230,241,180,253,309,206,353,262,337,224,109,283,295,350,431,289,171,114,293,253,303,262,422,389,272,259,512,97,245,599,670,179,211,329,298,328,243,298,366,235,348,416,123,652,93,273,107,281,175,328,241,270,333,303,281,355,192,418,139,98,598,559,121,268,732,491,365,460,170,244,266,144,323,335,365,245,212,354,112,356,375,255,105,380,317,324,304,342,362,203,378,346,249
35,488,382,115,284,305,254,275,191,295,304,185,375,273,337,208,142,280,253,425,398,492,287,180,393,340,251,323,473,497,651,275,308,121,384,496,397,130,272,405,350,325,257,260,432,250,355,453,125,603,111,238,109,278,170,330,218,266,352,260,250,352,245,343,74,120,793,485,135,374,866,595,421,483,310,261,377,170,388,454,545,562,257,406,163,388,309,289,139,425,315,322,262,375,322,170,360,390,304
29,438,437,123,313,300,229,279,207,251,321,185,337,295,319,174,125,228,226,375,468,343,276,191,410,293,270,411,577,602,590,362,479,87,353,598,541,165,320,332,327,385,269,264,374,199,374,414,125,650,105,214,114,308,170,347,274,274,292,302,243,345,207,391,121,96,727,556,139,242,862,496,350,510,269,333,306,208,310,464,673,544,298,330,160,356,327,219,118,385,287,303,256,407,304,195,356,342,267
51,550,462,117,331,296,226,272,199,241,351,206,408,267,371,189,126,309,249,405,375,425,254,145,631,369,249,391,553,575,497,334,352,97,466,690,417,175,274,278,297,459,278,300,448,203,355,461,109,664,80,232,100,340,180,363,216,272,349,306,260,325,217,399,111,96,802,510,115,345,850,578,376,542,301,228,304,166,417,596,603,390,159,162,201,447,440,214,136,476,296,354,299,421,347,159,390,362,272
45,425,493,114,333,288,241,263,176,245,305,203,392,288,337,207,89,340,233,401,437,297,186,273,638,259,315,323,436,651,615,274,330,161,338,670,507,191,206,355,257,464,308,303,342,216,350,458,117,585,110,256,110,281,183,367,239,290,332,334,237,326,221,374,96,73,748,530,111,363,829,476,416,715,356,257,366,202,469,491,568,506,232,288,203,366,356,275,120,361,289,324,247,390,360,176,339,348,265
45,579,476,125,346,311,261,291,239,319,331,208,418,305,355,246,104,254,301,450,396,376,345,233,450,323,334,403,439,485,529,297,418,115,364,528,503,175,289,362,404,401,281,314,467,253,384,398,129,616,119,292,133,331,197,416,262,266,378,294,335,408,247,452,86,131,778,567,124,363,921,581,481,442,301,197,369,151,390,444,418,444,375,399,210,406,360,261,113,450,329,390,358,429,429,174,407,338,255
33,500,504,110,346,317,216,283,225,276,331,211,400,297,357,235,111,269,254,417,467,361,179,262,308,331,232,330,495,678,516,317,483,76,317,595,585,183,330,319,361,310,247,273,380,208,384,393,133,571,90,246,113,313,178,362,271,242,382,314,262,328,264,432,125,130,721,515,98,320,835,460,373,416,199,195,354,129,279,389,614,491,306,311,133,344,233,294,125,376,268,323,273,367,369,176,379,335,283
43,475,479,104,304,259,269,256,184,256,355,200,383,291,346,230,126,307,233,319,342,380,310,164,551,356,347,366,507,684,718,380,410,98,308,611,550,231,299,274,305,391,252,265,427,213,336,421,121,644,114,255,106,327,179,342,261,299,327,281,262,379,191,300,118,85,658,508,144,354,679,518,393,326,365,200,377,174,354,600,730,630,241,254,208,371,331,260,151,346,278,337,304,367,313,186,373,377,296
54,285,398,311,560,321,278,176,350,279,224,314,340,190,248,153,54,307,42,539,472,235,229,346,429,261,410,390,483,423,264,278,290,125,446,610,715,197,380,170,304,172,347,262,377,214,298,324,304,300,354,212,285,315,344,410,256,257,296,323,157,194,344,288,81,203,421,295,231,716,727,331,342,468,575,225,276,196,368,513,256,321,215,341,208,383,411,291,99,358,249,340,145,324,292,264,300,303,306
48,278,414,321,526,402,293,221,364,258,220,295,356,203,282,132,45,313,44,570,586,267,190,482,538,240,399,495,635,651,462,358,499,169,464,560,666,290,331,228,300,229,354,222,310,254,340,353,295,299,347,169,231,388,312,376,299,280,293,342,158,213,378,285,78,240,411,296,257,714,809,330,349,528,384,543,330,285,447,482,490,395,334,430,166,403,298,318,144,371,259,299,223,333,384,241,311,349,324
54,249,374,326,459,420,229,244,342,252,265,280,312,210,300,94,59,288,26,506,569,225,141,201,500,250,313,256,361,297,179,178,350,113,323,548,708,254,427,202,252,251,295,197,354,200,316,293,309,223,327,176,300,379,283,447,230,263,274,393,173,235,327,243,77,202,451,266,184,672,684,318,240,534,376,219,313,223,481,300,204,182,214,303,197,314,408,417,71,306,242,294,210,303,370,219,422,263,404
48,251,429,303,504,441,306,209,335,254,260,260,334,252,342,184,58,314,38,612,740,322,211,388,651,257,456,423,552,339,198,179,168,215,428,492,523,244,430,234,229,314,323,287,366,250,307,373,278,334,366,194,269,400,297,425,306,280,276,319,169,190,344,267,83,213,438,332,272,683,715,336,387,749,512,498,265,257,783,348,242,211,271,508,272,349,433,334,92,412,234,345,242,318,301,230,423,335,319
47,244,411,309,463,332,256,199,337,234,195,232,255,194,263,123,47,226,42,522,457,220,190,271,391,210,359,258,377,240,536,259,315,150,336,444,511,217,334,184,238,211,244,234,339,209,294,311,288,256,345,153,269,254,286,373,221,226,247,310,137,187,325,282,56,191,420,276,219,641,630,242,296,503,357,261,276,154,283,355,282,416,164,240,191,296,335,224,69,352,187,330,178,290,299,244,335,264,352
50,239,464,265,492,321,247,193,328,221,225,268,295,253,299,118,63,280,29,597,587,270,167,403,487,256,300,572,553,509,376,309,456,174,496,470,585,248,291,194,246,226,390,221,357,213,286,328,278,304,334,178,259,344,266,369,258,271,257,333,165,176,344,283,62,178,542,300,217,731,695,386,298,555,485,507,263,273,540,494,322,280,278,313,231,463,365,328,96,347,246,330,185,251,299,218,331,253,314
46,212,406,302,457,336,235,206,306,255,212,266,232,180,252,117,65,239,40,461,523,237,159,272,409,177,369,419,430,494,425,310,486,175,351,486,731,280,325,217,240,223,279,180,305,181,275,268,262,263,344,159,221,328,278,377,265,257,267,327,136,174,348,254,47,193,374,278,173,631,800,285,363,550,453,357,341,257,391,462,360,301,267,341,176,363,463,236,70,311,212,352,173,287,378,226,302,293,331
41,240,427,285,476,351,251,193,290,248,185,265,318,202,278,133,51,263,39,586,644,306,199,319,596,248,239,648,590,442,309,209,202,159,503,476,460,226,443,204,235,222,288,202,355,208,280,308,276,316,332,183,263,388,297,345,259,238,276,314,154,180,280,282,71,197,329,351,202,622,879,351,312,854,412,382,267,213,526,474,246,194,305,378,237,457,436,326,66,407,277,284,198,263,293,192,332,236,331
50,285,433,325,480,438,279,235,385,294,229,253,354,294,298,126,46,267,33,695,721,232,195,429,648,188,438,442,466,304,413,261,378,172,408,429,628,239,458,205,312,335,343,274,412,246,302,351,273,327,371,205,291,361,278,439,263,275,264,364,173,245,364,268,75,208,517,327,252,716,828,238,411,663,443,539,375,230,670,365,254,351,196,282,217,370,407,366,89,435,223,331,219,382,289,268,409,324,347
55,297,470,307,480,379,252,200,364,236,242,267,357,242,370,127,68,285,34,684,583,244,281,373,445,299,499,541,474,347,374,223,328,200,477,549,505,356,311,242,283,216,316,281,354,203,337,297,284,256,415,181,265,338,298,450,257,303,280,342,153,160,400,264,64,198,476,259,241,709,780,345,404,648,536,354,340,328,733,425,275,318,310,323,245,455,398,333,69,365,278,337,200,306,388,225,396,284,346
50,288,402,344,512,350,262,220,341,277,202,254,280,227,248,147,57,249,35,612,696,315,212,436,612,199,472,493,605,519,596,331,457,184,474,500,556,241,462,201,242,213,378,252,298,204,291,329,265,329,416,168,257,361,293,415,312,264,303,337,155,193,314,261,56,194,390,263,258,945,726,376,416,579,564,414,383,242,585,553,457,433,304,360,250,467,372,208,74,379,268,412,279,341,461,248,408,297,293
57,254,396,340,537,392,254,215,297,268,230,284,307,205,271,129,53,274,17,560,566,275,134,296,329,285,198,416,475,260,176,157,170,146,277,477,663,253,407,197,256,246,366,235,364,232,315,309,232,278,385,190,249,336,293,393,256,258,294,369,191,194,321,268,70,203,379,279,259,768,885,300,283,676,307,346,216,217,442,317,204,114,193,260,193,296,438,357,91,384,255,350,262,287,303,234,339,273,299
38,307,387,273,541,366,260,228,332,260,187,250,301,190,249,99,54,242,61,682,541,279,168,268,470,260,419,542,489,323,351,199,323,153,422,613,628,179,423,221,305,261,291,259,350,245,291,377,250,297,324,183,240,359,307,352,253,230,270,303,168,141,353,296,73,176,505,325,190,658,922,330,386,585,456,474,278,225,489,431,245,308,221,422,177,426,395,296,73,392,259,336,221,368,329,240,378,335,360
35,262,347,313,406,376,250,204,306,211,212,273,383,196,300,136,57,290,35,753,567,198,202,330,462,275,360,552,462,221,248,193,278,198,427,397,545,329,392,212,247,215,317,243,313,202,292,312,252,293,329,141,212,336,314,370,245,267,285,344,185,168,319,307,52,196,502,280,184,619,544,319,433,453,585,477,281,285,644,331,251,170,210,368,213,350,256,355,89,335,232,302,165,349,337,233,339,239,319
35,266,403,281,463,366,244,200,333,219,204,220,318,196,289,84,51,278,33,644,656,272,154,317,571,232,420,471,583,568,403,327,309,136,509,588,649,196,420,196,221,253,313,242,290,201,264,299,290,258,335,151,220,339,259,393,263,274,236,353,164,193,341,283,64,191,450,319,214,689,713,329,300,800,499,365,265,227,580,562,473,347,276,347,189,398,396,297,60,382,274,269,239,311,302,212,388,295,367
60,250,373,300,459,352,271,210,349,202,223,261,324,256,335,137,33,274,30,593,500,299,188,348,477,248,275,295,560,298,277,250,149,182,413,354,383,239,442,196,232,211,327,251,334,192,304,286,288,268,344,168,236,372,318,445,243,279,242,335,153,193,283,238,82,189,456,231,288,698,661,306,274,466,491,352,260,230,659,406,260,217,302,286,202,349,298,279,81,380,251,333,241,284,315,238,346,276,286
105,512,466,387,497,498,490,438,504,394,418,460,498,378,329,285,263,298,423,530,377,128,582,564,310,122,608,502,398,554,479,225,278,210,407,332,344,656,890,430,383,519,357,537,502,338,514,379,414,532,362,357,405,571,389,535,406,505,460,423,338,417,465,285,381,484,468,385,475,604,625,120,368,779,664,281,181,636,562,399,546,425,303,615,152,437,363,359,645,471,307,389,376,618,527,439,498,377,615
133,596,568,424,515,516,519,492,483,466,472,403,551,452,347,355,247,513,367,654,507,151,711,498,364,143,746,845,538,637,448,299,632,389,448,456,362,664,540,494,455,584,372,671,523,351,540,411,518,554,419,403,369,522,435,606,554,508,560,548,377,503,534,281,456,438,560,472,475,731,794,130,482,745,713,277,219,631,823,499,581,499,405,484,255,497,375,343,691,494,367,456,400,706,598,464,706,342,571
110,545,524,396,484,518,404,384,458,406,399,458,440,410,369,286,313,399,347,521,487,128,510,603,310,101,782,590,371,596,385,318,561,185,303,372,329,878,669,409,423,438,348,535,538,368,528,372,498,477,355,355,420,427,408,553,427,506,486,463,290,470,497,217,453,413,487,524,433,751,664,108,318,640,601,226,204,358,647,416,453,388,271,420,205,383,287,387,640,392,371,397,395,535,459,419,544,348,629
95,525,528,376,513,524,417,427,445,432,427,454,497,397,421,348,251,441,329,730,517,160,559,627,416,105,1014,813,616,705,502,439,573,225,528,428,416,582,761,345,392,570,352,608,490,296,600,353,439,511,371,374,324,523,446,523,499,532,495,452,365,464,561,260,396,483,498,538,455,912,819,134,381,1093,834,345,253,572,811,588,613,624,567,503,190,604,367,338,730,456,302,469,347,586,524,428,540,354,497
130,550,540,403,506,567,493,446,525,493,473,506,479,459,427,294,310,374,390,818,493,110,451,576,399,105,396,583,613,706,503,377,525,266,404,322,383,695,649,520,342,608,389,567,512,388,522,388,445,541,402,423,449,454,444,580,508,562,532,520,350,533,478,257,460,604,371,578,518,791,596,134,436,606,482,358,231,571,791,490,464,431,309,727,187,486,371,376,601,520,314,508,361,669,540,440,591,336,604
102,573,570,437,518,498,441,468,479,501,412,426,558,436,372,327,247,455,327,824,511,212,614,737,461,92,914,872,647,663,520,272,470,324,504,394,449,610,753,459,371,558,384,686,553,397,557,404,472,548,420,422,409,519,406,494,459,485,513,534,349,439,488,280,344,422,572,524,461,873,814,152,552,893,873,358,234,661,964,605,558,460,340,525,261,585,393,379,632,510,322,513,354,650,555,463,617,348,616
139,591,606,444,598,526,475,489,513,482,414,528,493,489,455,322,304,412,380,608,485,118,465,566,239,92,757,616,364,566,375,288,453,269,324,395,414,697,807,474,438,514,375,688,508,390,516,401,537,516,400,437,429,526,435,617,538,574,582,471,352,576,533,283,513,460,471,571,514,699,698,87,339,541,523,234,181,443,623,296,297,394,340,426,219,405,218,461,725,434,375,473,465,684,571,576,561,415,630
102,513,596,351,441,516,436,392,448,435,427,493,387,441,394,296,268,398,389,682,471,86,532,805,275,97,597,756,444,557,324,329,427,292,332,442,373,819,503,332,352,470,400,657,535,315,538,381,475,485,419,348,409,483,390,588,432,518,493,434,362,511,512,273,395,402,403,584,433,875,735,114,387,771,628,314,235,657,532,496,303,440,486,416,218,496,327,380,558,420,321,408,330,523,547,456,513,348,683
113,596,517,450,546,497,513,438,571,492,467,475,481,491,422,357,331,463,463,671,542,187,543,536,349,130,534,575,570,782,529,278,623,249,416,351,464,618,664,571,445,572,372,541,509,369,528,418,470,531,402,396,399,509,441,528,493,587,498,546,383,499,600,294,441,521,558,522,571,658,817,138,445,651,557,260,325,464,753,506,640,480,418,806,206,476,367,425,651,537,325,457,388,738,556,455,629,447,532
137,450,524,405,445,445,489,424,452,497,386,449,467,399,404,291,273,406,341,699,411,123,543,710,376,92,918,715,467,390,207,114,328,217,410,370,425,718,452,410,282,502,352,569,532,382,494,338,397,443,412,386,411,426,387,486,446,486,488,516,317,460,465,282,394,464,404,582,413,654,688,153,349,604,797,285,160,730,873,329,310,211,237,481,213,481,414,380,526,394,293,453,281,635,524,446,532,346,484
89,593,527,408,552,474,439,395,402,429,412,457,484,452,373,286,231,396,257,742,489,163,421,557,404,74,727,705,631,829,526,275,507,218,364,357,434,660,787,414,386,544,338,697,470,344,482,357,414,491,345,358,350,527,401,478,442,474,488,447,319,471,502,272,343,431,519,643,404,879,757,102,441,680,711,263,195,570,803,656,567,543,429,604,168,538,275,415,729,468,299,450,372,596,572,412,588,311,504
104,528,524,400,423,450,419,455,423,356,415,473,372,401,411,269,270,304,267,777,403,132,467,575,342,82,457,785,541,399,281,243,506,288,350,383,356,650,734,394,348,482,315,615,490,331,503,328,401,465,347,339,320,450,392,518,409,518,466,419,323,450,475,257,449,371,382,470,479,774,699,146,414,472,537,353,233,532,661,343,314,239,240,644,215,513,367,327,479,440,306,384,350,482,437,451,486,323,496
106,599,469,396,517,475,494,425,471,435,418,480,516,446,374,352,284,392,330,617,581,139,566,650,415,99,777,762,641,846,659,361,524,284,488,398,407,747,803,428,396,566,361,647,553,314,522,357,420,499,344,408,393,482,381,497,416,499,482,526,336,452,522,280,392,437,536,406,506,802,776,155,415,857,673,351,228,516,890,603,780,754,473,668,208,583,384,434,597,567,282,485,381,675,523,449,583,396,589
135,598,546,405,501,443,512,468,544,465,399,455,529,467,363,333,293,416,431,622,413,122,654,701,414,101,821,911,544,400,274,160,557,343,475,445,409,819,544,419,430,512,375,551,589,371,555,419,583,487,356,391,411,373,431,564,565,530,467,492,349,525,558,264,460,510,599,474,515,625,603,111,402,990,730,339,240,779,797,339,350,223,370,490,309,528,394,300,661,463,315,454,371,672,550,493,652,368,507
108,515,470,417,470,491,402,423,426,402,395,457,442,356,387,227,242,424,309,663,401,143,314,672,285,76,691,523,428,658,346,219,595,174,295,370,400,650,708,347,454,471,329,576,560,359,501,327,431,469,330,387,357,468,397,473,426,480,490,473,307,430,501,251,414,523,473,629,391,634,604,99,376,424,567,233,211,657,780,373,373,358,327,427,152,454,267,331,756,419,265,382,391,526,536,447,465,299,524
129,536,564,419,487,549,492,474,454,513,479,583,441,407,455,355,297,410,367,802,505,135,563,711,375,112,974,838,534,825,531,382,627,325,496,363,416,733,726,360,406,481,422,647,523,388,540,359,477,566,341,417,354,504,444,540,470,574,517,495,414,462,540,344,430,575,434,458,536,812,721,124,398,656,815,374,263,658,711,589,577,619,461,569,236,603,367,481,588,511,312,409,344,691,483,475,590,310,473
429,885,643,769,551,453,749,694,619,554,632,492,661,821,326,809,628,699,783,757,553,614,796,613,813,607,886,772,496,462,386,183,425,546,377,262,611,559,980,459,618,591,426,866,686,594,667,361,665,933,820,852,840,589,613,728,451,620,734,688,625,729,473,397,734,702,706,782,778,997,531,486,737,618,832,724,555,514,854,323,515,291,272,491,515,412,164,891,705,528,561,701,608,853,495,727,745,480,660
427,716,796,759,619,604,848,805,813,817,796,589,744,836,548,706,600,871,761,872,592,651,851,894,868,779,807,751,400,498,328,419,823,690,495,189,837,932,595,551,693,647,583,769,763,742,810,419,792,813,846,864,977,802,710,667,446,651,942,782,572,808,743,568,754,639,768,902,691,887,433,529,813,775,1133,659,800,860,838,378,517,423,516,570,714,397,427,825,519,442,626,690,640,784,610,672,783,571,841
411,790,826,864,507,504,736,620,657,586,531,634,614,762,413,753,629,925,753,919,728,738,555,644,881,642,801,775,539,469,448,303,854,529,509,198,637,700,971,359,512,556,565,762,528,549,484,272,731,1074,775,842,813,614,547,679,462,596,546,620,632,748,771,532,796,795,945,715,670,960,452,406,997,542,869,662,775,663,911,345,599,407,364,728,445,438,361,738,790,503,559,678,510,765,378,600,675,516,635
407,667,695,738,693,664,657,712,588,761,678,417,647,871,584,782,690,820,771,850,579,583,875,712,803,756,905,825,419,374,259,286,616,591,499,241,903,801,660,467,672,623,498,854,619,689,613,264,886,849,864,848,841,669,720,619,454,674,668,741,596,739,756,608,1054,773,671,964,842,830,626,525,621,554,869,766,554,784,592,337,289,236,301,677,673,337,489,855,744,520,576,592,422,910,515,824,775,419,777
433,1079,954,877,987,785,831,1049,894,848,920,739,909,1084,661,924,750,1002,818,886,610,744,933,774,1024,597,1087,1083,572,463,468,415,862,516,694,172,676,1122,1122,749,684,735,666,1073,1002,749,974,456,703,1145,953,1087,1025,823,761,897,605,1074,1063,1052,742,884,964,604,1005,850,898,950,790,1005,582,557,1068,687,1221,1099,699,723,982,444,679,505,490,880,450,512,443,773,1090,611,711,1023,736,1155,712,958,870,525,885
372,778,738,799,597,744,545,665,721,607,613,558,560,860,470,701,718,750,835,871,598,687,860,718,817,641,704,930,527,421,280,205,628,734,444,265,814,946,913,657,589,654,483,813,531,706,668,357,712,985,801,835,776,631,682,581,389,734,712,767,673,785,643,500,736,795,833,960,647,953,760,517,932,763,1124,755,703,661,871,326,515,352,361,722,689,393,544,790,684,434,493,760,514,735,513,710,667,483,578
485,1002,981,910,996,838,981,963,964,898,931,687,958,1079,465,1003,639,1078,765,925,537,726,905,1118,1122,634,1048,1066,479,622,438,403,716,588,695,246,776,868,1057,716,675,956,593,996,888,656,988,478,874,1229,1135,1095,1009,831,862,712,462,1005,1130,927,627,1000,813,647,977,769,962,990,935,958,533,636,870,1019,1169,917,666,650,942,363,683,494,543,669,410,609,383,750,927,721,712,934,831,1080,667,889,1005,603,931
472,879,545,758,617,575,687,777,653,550,736,510,619,754,430,745,800,741,868,817,534,658,677,689,843,641,920,752,505,406,295,162,856,644,429,165,676,917,817,396,698,616,396,602,637,629,635,316,843,945,785,801,1018,374,732,626,416,476,699,619,556,593,646,566,820,741,842,822,748,713,568,420,879,610,980,752,811,612,848,301,470,295,293,573,653,383,480,722,726,442,428,658,511,516,440,653,499,560,676
408,840,814,861,778,708,898,797,790,821,849,709,810,930,610,720,752,722,760,855,550,694,618,795,580,652,891,660,540,355,262,292,853,506,492,222,1053,883,899,432,680,633,621,857,601,767,836,385,806,937,853,893,940,679,623,613,548,940,799,879,616,882,871,680,963,797,726,952,698,842,739,646,845,552,784,826,486,884,631,323,533,317,217,680,626,379,400,787,630,471,719,740,581,620,546,739,815,507,751
373,803,630,822,611,659,566,619,602,579,578,413,543,727,525,596,686,821,781,1039,716,734,770,891,984,704,863,868,515,464,488,288,658,491,596,246,841,813,927,380,443,348,629,784,563,652,710,407,825,928,775,900,706,419,618,563,354,693,704,859,377,722,523,569,591,838,846,817,838,800,476,444,804,713,882,1046,641,805,862,320,659,461,543,693,577,354,360,789,781,448,487,685,419,912,402,689,634,529,595
423,762,717,872,827,783,770,992,692,716,727,416,744,821,599,716,651,809,809,718,497,823,899,774,878,611,1137,662,290,348,362,259,590,625,498,116,840,699,855,483,609,646,538,873,640,674,708,476,933,789,908,771,936,791,770,705,442,756,939,852,636,797,639,723,952,667,923,704,656,826,632,491,769,761,989,952,723,693,739,231,370,403,430,726,552,462,539,692,694,454,727,648,616,666,589,808,688,456,917
400,863,874,802,554,670,713,778,636,639,690,540,510,707,361,890,547,883,679,760,568,816,973,782,927,850,931,885,425,569,436,288,712,607,576,241,618,775,1112,479,536,553,584,574,449,704,668,388,641,934,834,855,933,628,465,734,354,698,609,719,619,651,798,542,686,620,699,931,522,803,667,612,807,650,791,817,699,678,933,421,711,475,500,740,716,428,370,845,909,439,478,720,576,883,437,664,581,544,705
402,691,781,921,551,677,688,793,921,709,585,567,759,822,479,741,817,882,870,942,571,612,851,741,841,714,821,884,446,481,446,294,722,707,455,249,749,1045,840,542,607,708,537,974,582,716,659,370,807,854,886,905,945,387,728,667,456,777,762,867,558,855,808,611,789,684,841,876,839,661,671,535,851,815,986,769,790,622,919,357,646,453,420,516,699,335,454,806,700,489,567,566,531,510,537,750,659,511,838
434,976,899,941,900,887,897,1037,998,859,879,720,949,1063,611,846,720,1023,857,1007,680,715,872,996,1082,553,1128,980,565,521,456,369,839,408,718,205,634,822,1131,774,710,892,555,1068,888,810,998,455,730,1131,915,1039,1136,961,849,831,557,970,1172,1048,734,1000,1048,683,891,987,1000,1052,829,953,494,584,895,755,987,932,683,723,1083,500,674,439,723,807,595,516,395,721,941,718,604,952,704,1055,738,819,900,530,864
436,632,742,1005,563,673,694,768,740,754,721,446,564,746,509,773,537,815,646,1077,593,830,665,556,846,709,608,878,491,550,466,399,719,686,445,224,612,958,861,345,499,577,593,740,498,694,618,441,946,840,916,895,820,500,669,677,319,621,931,733,420,752,684,457,808,734,644,920,828,805,613,565,617,605,770,933,660,713,715,337,586,447,548,844,575,315,425,605,558,482,542,650,406,809,418,751,710,380,720
379,980,926,969,1009,847,883,1096,931,958,960,757,848,1017,767,764,653,996,873,964,499,814,957,980,915,604,1058,1150,611,454,478,442,694,709,658,254,756,929,1322,709,761,804,709,998,816,783,965,452,793,1103,998,1065,1005,803,854,885,492,1009,1180,1099,795,943,888,532,1052,956,924,1049,1019,998,541,563,863,844,1076,1142,671,818,1131,395,632,441,531,702,599,521,398,712,951,641,578,897,799,1023,653,882,803,558,873
28,382,4,142,53,69,93,101,69,99,95,56,56,150,65,450,948,527,536,542,261,166,813,1054,609,534,643,1138,203,150,163,23,543,753,453,21,635,1114,806,59,164,75,58,188,14,59,56,14,539,111,68,39,105,47,118,73,25,104,92,59,93,187,238,125,391,1420,775,341,723,492,123,149,373,311,819,304,735,924,878,64,133,138,166,726,531,342,70,1018,978,214,75,151,92,70,28,101,96,7,504
15,533,16,175,46,88,51,34,48,57,70,51,235,266,67,519,1188,693,467,708,339,130,1033,1230,773,642,966,1300,298,139,226,45,482,838,368,27,548,1081,581,50,126,97,36,291,13,51,32,66,338,182,58,34,10,18,35,69,52,54,131,118,35,179,198,151,126,847,1155,814,895,443,222,97,398,286,1230,293,633,1000,996,102,168,221,204,1243,852,367,148,1043,1168,272,49,152,50,106,62,90,45,42,174
24,463,6,165,38,84,69,41,118,103,80,83,173,207,51,452,1226,346,547,455,82,228,934,1156,560,674,784,990,207,129,151,40,739,727,437,8,613,971,441,34,91,180,51,287,29,64,84,25,490,78,58,27,34,24,76,58,42,56,117,135,102,213,252,114,285,1153,913,578,590,227,221,76,322,416,894,220,451,1090,615,96,127,161,151,1249,861,349,112,1007,986,238,74,87,67,113,78,80,64,33,367
1,395,16,106,43,38,41,29,67,89,49,62,148,185,33,449,1253,469,398,604,336,218,801,1332,750,456,1146,1385,286,155,224,11,727,852,476,55,416,1274,1207,80,74,160,53,331,13,72,40,0,419,148,91,16,58,35,48,18,47,47,154,79,82,225,235,126,228,1147,1105,538,750,375,245,118,429,340,1283,490,856,1218,1045,94,162,160,108,895,934,454,25,1078,1164,384,50,168,84,105,77,57,78,0,344
6,531,22,146,34,50,11,50,99,126,27,65,164,149,85,276,1125,478,553,583,215,235,882,1034,460,652,776,930,223,149,105,41,574,754,380,36,622,1042,704,129,88,116,80,311,33,41,27,6,458,62,50,59,134,44,30,37,32,138,144,87,90,205,249,172,323,998,604,595,528,299,197,106,358,248,1106,338,478,1249,765,71,215,243,119,1076,865,273,86,1106,1120,203,40,165,130,115,34,54,138,23,385
19,454,0,170,8,59,67,54,78,44,51,86,233,147,47,560,1260,785,407,677,353,128,1108,1315,715,530,1257,1216,211,201,132,28,642,1087,460,12,454,1086,876,112,125,149,80,201,3,81,41,11,341,159,64,66,65,18,83,48,36,49,71,85,89,199,279,138,245,1224,1009,532,688,360,155,125,544,177,1132,457,450,1404,1244,149,236,244,171,964,978,409,57,785,1360,315,45,166,66,121,23,73,37,40,324
0,364,33,159,8,87,60,16,90,124,70,53,168,87,118,453,964,525,364,569,403,117,773,934,654,430,845,1092,271,142,159,21,636,753,378,19,633,1200,542,36,86,86,20,246,20,65,30,2,471,101,34,26,44,58,45,57,17,66,36,102,38,132,188,80,345,968,966,583,500,333,217,152,441,326,1225,230,452,860,723,104,143,139,116,1178,641,344,123,1012,1017,249,78,151,68,93,40,67,53,16,138
20,441,0,246,33,75,39,65,41,52,75,59,226,201,96,553,1000,586,581,591,301,266,731,974,572,418,694,1077,154,94,150,26,738,544,454,14,381,1163,697,111,76,79,35,277,54,59,28,5,384,102,62,24,56,33,105,75,58,21,64,71,84,227,229,117,308,1146,868,346,761,320,148,180,371,247,825,321,512,1077,732,75,100,92,98,727,589,349,139,964,1215,281,93,132,96,154,52,133,52,67,444
6,353,0,148,32,25,27,16,59,83,75,43,167,197,48,468,924,642,493,679,407,184,1057,1123,697,533,821,1293,244,168,187,33,581,851,424,7,574,1225,705,126,161,180,58,185,8,99,74,3,429,155,66,37,109,29,38,71,42,52,73,64,39,177,240,109,350,908,825,597,534,343,171,206,282,298,1403,426,494,1172,740,78,186,206,178,1140,619,379,99,914,855,231,54,153,66,88,30,29,132,13,179
9,396,10,99,36,49,46,16,76,64,81,55,145,177,50,462,1092,502,656,627,295,222,915,1058,564,524,1075,1050,231,178,146,17,575,765,363,22,475,1050,829,113,172,77,61,217,22,119,38,44,632,133,60,32,33,21,37,48,41,96,67,79,87,208,176,138,407,1268,701,494,585,287,104,135,401,229,954,382,567,907,626,141,151,175,127,916,736,437,44,930,1130,179,71,88,93,71,77,76,53,55,411
16,451,2,186,18,56,44,52,83,109,82,70,158,182,61,601,1179,613,283,769,509,115,899,1461,822,404,900,1164,275,124,223,45,631,745,515,57,469,1253,883,65,9,64,36,281,30,34,26,40,551,135,96,59,28,27,98,38,41,133,106,100,123,260,258,105,432,1093,1202,510,825,420,267,194,292,384,1413,424,484,1100,1188,128,162,209,223,864,889,446,32,949,992,256,30,127,99,160,55,86,72,19,259
12,381,2,193,27,51,84,1,69,81,111,49,192,198,121,490,1244,521,561,606,301,233,1089,1334,647,510,870,965,191,182,184,85,707,999,344,23,640,1121,270,36,129,133,68,256,52,42,62,49,369,125,77,49,80,32,64,73,53,55,102,116,66,180,247,119,239,1154,527,549,670,226,163,160,375,254,1075,258,614,1103,648,155,182,164,139,1177,801,304,51,1076,1103,166,68,64,78,138,87,124,104,60,410
1,367,29,207,37,19,108,86,68,67,60,84,153,165,76,548,1137,626,570,621,432,108,725,1136,637,341,995,1236,252,122,204,81,778,688,467,55,443,1049,676,72,65,138,44,244,4,41,74,1,533,126,73,26,23,6,37,27,13,70,65,109,86,223,269,78,214,1175,963,687,560,399,212,143,400,204,1011,389,575,1071,1052,118,156,218,148,1003,758,381,28,920,1231,329,43,170,42,139,106,53,61,14,444
17,418,17,175,42,17,38,59,124,138,62,82,186,202,89,356,1134,524,516,477,334,180,830,982,581,638,783,896,215,148,151,34,888,861,446,26,788,1092,460,57,129,102,67,222,21,58,47,20,373,79,50,64,69,26,41,28,49,64,79,126,42,188,236,179,396,1037,718,545,551,363,121,102,499,198,1161,252,639,1134,731,100,193,129,110,1118,749,226,85,1229,1161,240,89,74,83,77,36,85,47,14,372
37,414,38,174,35,42,83,36,70,78,35,38,81,148,54,388,863,460,491,367,336,207,914,1226,580,610,774,1061,250,111,202,56,624,867,466,48,343,986,641,147,82,148,44,253,21,84,72,30,387,105,66,34,88,29,102,29,21,45,93,79,78,133,167,101,378,849,974,490,655,332,97,125,403,120,1107,304,705,831,789,42,234,138,147,626,657,424,102,923,917,231,77,153,34,144,54,164,76,30,336
0,319,19,178,53,51,18,44,47,71,21,94,132,176,31,263,944,486,349,440,202,137,722,911,711,344,859,1138,328,134,158,48,725,736,285,17,517,1078,564,66,165,100,50,87,5,52,47,1,549,176,51,29,50,24,45,34,26,71,82,67,47,251,240,120,291,907,823,465,455,354,278,74,304,283,1408,324,568,891,819,97,136,141,160,1133,728,250,39,774,1052,252,50,147,97,110,10,35,67,48,311
37,591,0,93,23,45,83,30,73,137,71,55,154,98,31,397,821,367,372,543,268,123,631,978,588,340,1021,1492,309,167,144,45,749,719,399,24,683,1406,493,59,95,134,34,175,44,75,31,2,300,151,13,10,38,18,74,72,52,91,90,46,61,193,250,129,193,915,877,711,583,365,228,95,374,287,1499,296,536,1028,1048,82,196,104,155,853,697,319,88,640,1226,194,11,127,65,60,29,60,84,46,137
24,481,3,194,10,70,52,131,129,92,74,67,194,142,48,461,1126,622,566,466,244,193,720,1030,534,495,1000,1029,317,115,143,13,530,767,511,48,478,1045,629,118,84,116,46,282,47,45,42,18,390,83,58,20,65,8,12,55,52,60,100,145,74,212,242,107,480,1559,923,355,615,279,227,144,523,188,1076,500,597,1145,875,114,163,127,123,1192,769,516,70,924,1229,409,124,99,72,192,58,91,82,44,357
7,367,44,217,11,18,12,24,108,69,71,55,107,134,27,324,999,665,372,282,280,88,687,992,583,297,982,1194,275,139,130,39,699,669,411,9,653,1192,702,93,57,163,33,298,27,80,7,11,464,126,71,30,39,29,44,29,34,59,60,111,55,122,266,119,302,857,843,863,489,389,214,85,348,251,1293,328,519,1018,979,78,178,141,100,1037,530,280,109,915,1206,313,35,194,18,103,32,34,69,21,280
11,574,0,165,31,54,64,10,54,66,38,29,130,158,68,501,1336,520,530,483,203,177,695,997,529,525,1152,1332,347,182,202,58,591,803,497,17,540,1384,707,70,121,104,38,257,26,125,34,25,294,107,149,47,41,24,88,28,37,93,37,108,56,162,247,73,603,1274,667,433,748,309,257,195,498,156,1102,463,786,1188,994,106,221,126,137,1025,943,485,81,842,1510,289,116,156,136,57,51,93,57,22,594
9,322,6,119,11,38,13,60,104,79,85,31,150,169,56,426,899,665,474,444,282,136,660,1123,526,359,647,1049,300,187,129,26,705,823,525,11,845,1503,769,45,7,164,13,229,13,108,12,9,375,133,63,21,43,19,26,66,6,119,96,86,33,140,159,80,339,1048,954,361,613,380,242,30,322,292,1268,379,630,1105,1233,113,164,158,196,915,940,479,75,743,1005,399,20,154,70,177,56,60,28,28,293
6,395,3,171,48,29,93,30,117,106,124,100,124,182,96,534,1309,762,397,462,222,259,840,1169,651,466,818,1383,373,193,120,88,736,931,437,76,591,1282,461,108,101,159,57,175,63,117,59,12,454,98,97,36,99,33,53,79,36,33,76,120,71,135,244,161,254,1059,657,682,853,256,253,102,418,311,1235,438,812,1350,901,113,207,137,193,1272,977,374,58,934,1026,257,79,157,89,163,92,148,64,94,309
2,314,3,189,16,26,65,55,90,61,60,63,131,128,32,413,1056,458,506,462,252,132,783,996,678,351,930,1009,261,182,184,44,598,551,448,25,301,1055,779,95,57,130,12,194,8,48,66,9,421,111,63,19,24,5,26,35,37,27,34,94,66,152,183,71,209,1003,870,544,557,283,178,94,478,302,905,357,559,1068,1106,72,158,130,108,1080,782,433,36,750,1227,274,74,157,34,123,52,44,46,12,438
14,461,1,194,48,75,69,61,89,133,55,80,156,139,36,384,1101,382,403,309,140,197,667,1026,405,528,814,1009,239,162,139,38,949,898,345,40,521,1044,525,79,129,167,43,210,50,73,105,56,402,115,38,58,62,10,72,47,59,52,68,44,70,197,154,152,341,1005,772,561,496,269,162,94,473,322,1077,407,588,1163,607,125,194,114,156,1324,908,348,63,930,981,351,88,195,74,153,35,98,60,10,334
47,406,6,184,30,66,75,39,74,110,54,48,108,220,72,552,1076,620,523,430,194,164,860,946,541,573,780,1307,285,153,157,32,768,984,554,27,552,1106,656,111,165,146,39,280,21,66,93,4,475,90,78,12,87,29,75,62,48,68,57,91,40,98,195,92,448,1464,979,821,691,449,160,86,385,216,1177,421,851,1118,1106,163,202,149,193,956,811,454,57,585,1252,305,69,138,37,135,38,119,83,54,473
14,451,38,170,35,60,24,71,58,62,79,42,145,133,58,380,1100,523,348,590,240,153,719,787,476,438,920,1244,344,134,124,11,779,641,392,13,544,1060,457,54,114,217,19,100,8,21,35,2,215,83,61,42,50,34,5,76,45,86,83,61,30,138,222,63,165,1119,828,639,388,264,201,53,454,314,1057,481,716,1318,1198,91,179,113,190,1014,857,210,51,730,1212,300,17,142,88,91,51,28,41,12,116
34,320,8,222,58,59,69,65,80,101,64,49,147,152,74,466,1273,492,575,436,275,214,764,1045,516,502,732,1402,218,208,132,30,768,905,480,44,398,1045,823,70,144,140,54,222,16,90,39,8,421,111,56,46,65,17,72,74,29,71,80,90,88,179,209,89,357,1248,1011,522,756,329,233,152,448,175,920,463,769,1008,1037,107,145,179,124,975,657,450,99,802,1149,274,47,127,69,184,74,79,67,11,496
24,429,2,91,44,18,21,9,55,105,62,54,127,160,69,412,1121,425,488,474,327,62,758,966,679,324,896,1052,370,205,137,96,668,798,378,18,828,984,789,103,114,131,7,263,11,60,21,21,395,116,57,13,12,25,39,40,30,51,101,69,40,59,202,94,189,891,1026,575,606,290,242,67,614,200,1193,377,594,1178,1041,113,161,141,206,1324,677,305,116,1087,915,239,29,76,40,105,29,63,46,31,146
19,568,4,180,82,77,65,77,50,106,102,116,171,187,119,436,1344,480,483,436,160,214,721,1063,422,480,918,1148,253,155,148,85,687,901,504,10,864,1273,685,94,67,178,100,253,21,38,155,12,401,74,70,37,45,50,26,89,101,76,93,133,68,200,247,142,497,1184,840,722,674,276,224,96,566,293,1411,380,779,1297,880,144,154,154,215,1250,1070,398,92,871,1325,318,107,154,106,207,75,104,94,50,400
0,469,5,110,29,42,51,25,111,37,60,26,145,157,35,432,1017,665,332,457,334,139,815,1173,567,426,826,1179,289,113,151,27,601,800,462,46,435,1039,613,54,44,123,27,186,6,38,38,2,344,106,40,18,29,22,27,50,9,26,77,126,72,85,176,67,325,1540,756,505,512,254,182,68,459,181,1440,385,808,1174,1070,78,171,148,132,1294,1002,322,63,715,974,292,67,161,89,113,41,101,56,0,266
5,327,25,99,26,35,26,105,100,98,80,68,123,166,109,501,1103,595,450,464,250,254,701,1040,376,558,923,840,261,225,142,35,777,966,406,33,427,893,641,113,108,157,59,218,11,78,50,18,444,122,65,53,51,29,104,81,45,39,36,115,128,122,211,161,356,891,881,576,567,334,173,139,436,298,1072,347,796,1261,909,120,205,107,187,1091,851,376,52,677,988,324,34,134,91,148,45,100,103,24,401
21,550,9,184,11,26,68,45,114,88,54,46,121,183,46,566,873,481,406,382,225,159,693,966,437,370,1133,999,299,171,185,32,503,985,450,21,537,1016,760,31,73,278,67,173,6,65,38,18,429,134,38,14,10,26,24,46,57,51,93,79,48,144,188,57,456,1016,1091,590,547,347,214,64,428,208,1029,388,616,988,1221,120,212,111,83,1387,911,384,63,580,1032,337,80,167,52,157,27,15,21,9,239
2,528,0,81,24,51,27,30,56,81,49,89,132,74,24,462,1041,302,477,673,183,45,795,1265,627,516,710,1097,248,137,142,15,733,762,408,1,184,978,889,59,37,162,14,105,17,40,24,11,273,174,55,18,27,8,10,59,23,84,35,94,41,94,90,66,286,1198,562,393,455,309,165,13,321,216,1056,311,527,1226,1067,32,120,99,99,903,789,429,38,639,1197,318,23,56,26,168,45,23,32,1,210
14,412,20,143,45,46,35,77,70,94,33,92,157,91,27,461,1305,603,465,572,148,174,901,1100,852,450,687,1374,359,117,127,38,588,1023,387,57,628,1251,418,118,47,85,51,162,60,64,65,18,589,91,72,50,62,40,48,43,24,13,65,41,75,81,219,128,339,844,634,680,612,288,268,67,396,268,1321,352,581,1334,919,61,152,145,248,1160,1134,347,96,959,1311,434,23,92,47,86,15,81,72,27,266
2,349,6,71,14,52,11,5,69,27,76,34,158,88,17,522,939,314,346,366,129,155,914,1450,704,468,782,946,334,114,128,58,710,785,377,50,368,1056,398,121,100,174,19,196,9,46,35,15,339,112,58,34,52,10,67,38,15,24,29,35,42,120,137,35,537,1163,529,364,634,306,85,81,374,243,999,195,531,1168,1239,46,97,86,100,763,714,498,34,728,1175,320,45,85,22,150,21,43,28,21,177
7,453,1,75,14,13,51,46,50,76,58,66,108,164,12,456,1367,642,346,697,165,219,730,887,840,268,739,1591,448,125,115,16,600,1013,343,45,640,1077,421,65,84,121,54,91,40,35,39,14,444,137,40,45,35,33,25,20,17,36,90,50,65,91,169,82,248,849,635,556,538,287,256,53,254,323,1300,284,580,1305,936,36,132,124,315,1373,987,362,21,998,1146,292,87,120,30,141,70,37,45,5,212
7,423,2,80,32,26,36,6,16,51,34,51,67,95,12,448,906,343,377,483,124,146,865,1147,465,423,802,923,286,105,86,27,681,768,417,11,306,1209,441,102,57,156,31,207,18,68,6,14,293,94,21,25,59,12,25,30,18,19,57,73,31,77,163,123,386,1330,587,309,609,191,115,27,280,165,831,278,469,963,635,49,131,170,117,800,624,424,44,762,892,356,68,88,52,135,13,83,45,9,223
5,520,9,83,18,29,45,15,33,96,79,65,154,112,34,360,1323,393,369,501,147,86,893,1149,845,267,938,1579,444,139,155,40,796,899,511,10,879,1295,630,50,95,132,42,84,6,17,18,13,324,119,53,12,36,21,11,26,11,31,33,54,44,59,174,69,459,711,717,641,726,362,266,59,522,283,1325,338,548,1645,1317,62,130,68,208,1041,908,338,53,883,1203,168,26,104,34,160,55,85,43,18,136
0,472,12,121,34,48,88,34,67,85,66,62,139,126,54,386,1204,488,536,467,104,167,870,1206,714,306,607,1055,245,137,90,45,646,932,446,9,713,1083,316,83,81,145,79,179,22,27,82,11,425,162,59,39,14,43,34,56,27,60,44,81,82,122,142,109,395,951,490,431,473,174,284,78,315,259,1207,236,530,1183,959,46,114,124,219,1147,765,319,53,785,1505,273,73,99,100,131,58,79,70,49,126
1,213,0,127,14,40,71,6,50,56,56,50,94,108,12,387,815,411,356,582,230,4,632,1132,781,394,703,1031,306,94,110,44,496,805,421,16,479,1081,488,54,88,143,19,108,8,72,13,9,459,103,30,11,51,19,22,39,8,14,86,47,47,63,153,99,280,884,572,290,489,261,189,55,259,163,1025,315,391,1223,1122,57,155,104,58,889,708,360,51,789,1234,286,43,100,61,139,29,50,53,6,135
0,422,9,114,23,35,71,70,42,84,48,74,95,216,43,476,1439,510,469,604,185,139,994,1329,951,396,1025,1203,325,167,187,85,771,818,451,20,880,1458,487,55,113,154,62,136,2,78,43,7,340,123,39,19,62,20,44,51,35,30,49,89,81,68,241,136,540,958,797,808,552,385,296,97,345,267,1150,279,616,1134,1047,54,132,137,207,1216,1053,299,65,1101,1437,211,73,126,34,95,84,49,67,6,197
4,367,2,52,38,17,96,3,65,68,32,26,82,122,29,377,830,454,215,443,148,55,678,1156,895,425,984,1028,279,133,118,25,519,638,427,5,369,1064,543,56,89,116,1,142,10,23,12,10,228,102,69,28,18,22,17,37,37,42,60,41,37,85,185,58,313,1183,792,413,461,229,180,48,402,312,868,256,445,1072,976,43,166,109,128,950,783,320,27,875,1388,300,41,49,52,131,28,17,34,0,198
10,536,8,154,6,67,48,18,28,126,20,20,106,160,50,323,1422,534,511,586,228,111,834,1363,957,303,816,1399,399,147,141,81,605,795,558,16,670,1347,319,60,56,160,23,124,38,18,28,9,553,126,31,11,26,16,33,75,11,32,23,77,49,124,214,79,206,1091,722,531,648,308,314,53,371,301,1547,269,475,1164,1126,40,177,118,119,1001,897,345,95,950,1139,247,33,116,32,50,40,56,54,18,126
12,346,4,167,25,46,31,34,18,64,42,22,120,120,55,455,969,530,407,646,154,175,779,1193,768,484,749,860,221,143,121,20,742,546,494,33,691,1066,560,89,98,156,33,111,12,26,36,18,386,93,70,17,46,19,35,28,8,68,30,35,35,70,130,27,434,1119,640,403,486,187,128,57,345,191,1060,221,520,908,1120,60,112,97,219,743,882,427,10,691,1269,410,79,59,63,167,23,60,39,9,204
2,440,1,116,9,53,34,18,61,84,42,107,100,119,13,364,1258,450,593,522,203,95,638,1440,856,304,719,1280,361,171,131,33,694,871,549,25,793,1078,570,76,78,94,14,196,14,49,37,12,525,139,68,14,59,9,39,25,45,25,42,38,54,80,229,96,311,987,741,533,679,408,237,40,379,317,1489,278,557,1061,1014,54,151,111,260,1220,1060,301,80,967,1010,208,30,94,37,110,35,56,90,2,155
8,315,1,97,38,26,19,24,52,115,16,66,148,122,37,503,1170,271,411,473,149,123,659,1268,435,374,856,997,266,125,126,23,528,784,385,29,308,946,601,56,112,102,25,161,21,40,16,22,439,79,46,15,46,5,18,54,17,26,54,70,58,105,179,80,441,1189,633,485,506,328,251,57,491,227,1013,244,446,869,1174,66,139,106,149,983,802,429,38,689,923,442,74,59,52,181,18,56,57,16,263
5,500,2,110,9,31,38,10,25,66,51,33,109,93,43,340,1293,469,498,624,153,145,717,1175,1014,396,551,1028,257,156,130,18,666,654,458,22,421,973,554,96,66,138,9,114,6,48,38,8,446,130,66,25,55,8,15,44,1,24,22,66,29,73,209,112,174,1126,790,302,424,272,173,35,251,225,1214,294,504,941,1297,55,93,103,120,839,915,275,22,608,1037,284,15,80,12,179,25,39,18,7,235
10,543,4,94,19,16,61,17,60,106,53,116,112,91,80,491,1405,457,445,488,112,166,621,981,726,370,625,1196,380,110,101,79,661,762,321,25,649,948,318,116,87,122,28,178,54,69,40,37,320,139,24,38,87,22,53,64,40,25,53,54,45,94,237,76,291,932,641,642,569,213,215,84,346,224,1108,254,632,1192,985,50,183,126,264,1083,725,320,83,747,1135,258,48,90,69,172,19,87,55,14,319
13,501,3,206,14,37,17,14,22,120,27,102,183,148,61,486,1273,540,418,479,130,277,1052,1314,600,419,692,1254,234,145,179,2,670,881,440,16,543,1013,302,101,98,194,18,205,25,42,46,7,264,90,90,42,40,19,22,54,38,45,62,97,56,105,147,126,356,1300,402,706,866,262,386,66,300,353,1228,405,707,1252,851,126,192,154,230,1108,1035,326,49,1185,1270,255,75,140,124,136,85,86,25,11,277
2,414,0,113,16,27,92,49,83,87,66,95,115,135,21,436,1174,443,416,527,209,94,979,1406,886,349,947,1206,281,110,162,52,589,748,508,11,561,1474,600,75,98,164,33,177,4,57,27,12,440,208,43,37,59,36,55,57,39,17,81,118,64,109,200,85,239,1218,911,636,777,379,320,25,381,309,1425,340,512,1191,1083,79,173,147,161,1087,901,444,54,1037,1282,377,10,141,83,143,23,75,23,22,230
2,353,0,155,28,31,33,68,73,64,62,54,111,169,52,429,1460,477,417,439,119,186,947,957,926,398,770,1248,350,128,129,77,514,994,473,18,676,1272,366,37,114,95,62,117,20,47,25,45,348,118,121,51,47,20,42,103,26,42,51,90,104,65,200,129,246,781,590,705,742,281,255,80,199,280,1061,232,635,1049,938,91,205,203,359,1134,841,379,105,1028,1509,293,115,175,35,117,68,32,54,18,324
2,482,1,138,21,46,73,45,80,92,24,60,80,117,23,362,1189,566,372,461,186,171,759,1189,1032,389,1020,1095,323,109,153,62,549,984,434,26,604,1222,785,130,123,160,33,127,30,53,32,7,441,134,63,41,60,12,44,82,49,21,71,38,42,111,227,80,227,1178,857,725,919,354,239,67,340,323,1185,402,601,1246,1131,77,165,122,181,1426,1032,406,58,903,1600,398,56,136,43,114,39,73,65,0,165
15,549,7,95,22,10,56,32,51,110,66,63,70,177,47,400,1180,583,279,475,104,171,803,1280,860,348,518,1207,471,112,143,55,751,783,413,8,425,1386,411,20,143,154,24,187,16,24,52,2,343,141,63,17,40,15,20,56,49,69,35,66,61,68,205,101,114,930,724,681,490,225,399,46,240,252,1104,267,520,1017,1055,112,136,155,199,1306,888,332,42,945,1214,287,40,138,54,85,63,32,52,5,171
15,455,10,175,33,42,43,51,81,66,62,64,142,85,37,475,1125,517,376,459,177,173,1108,1417,778,417,810,1092,227,131,114,36,782,742,582,9,679,1456,454,61,123,120,38,227,36,45,56,23,384,142,73,41,43,9,61,55,14,98,68,82,59,91,223,119,372,1398,813,692,766,367,226,98,317,256,1331,391,717,1288,1144,69,154,132,336,1153,874,450,62,908,1427,421,86,179,101,142,56,77,76,8,339
2,345,5,127,8,39,49,18,107,72,51,58,97,180,67,437,1000,516,400,552,154,130,989,1369,911,266,721,1427,302,115,158,48,866,676,509,7,742,1209,529,42,38,99,34,158,13,34,12,7,288,154,98,23,40,7,11,30,39,50,40,27,45,83,188,115,117,1072,579,925,668,281,272,106,274,303,1520,281,540,1067,949,66,156,171,188,1350,826,330,87,1120,1262,349,69,134,41,119,56,10,40,12,169
7,374,0,154,14,21,56,41,46,86,64,104,143,81,49,410,1131,515,496,420,150,199,867,1305,667,369,626,1062,192,110,157,3,720,823,558,18,220,840,454,57,91,97,15,122,15,45,34,4,373,102,42,52,45,16,55,60,44,32,40,43,55,107,188,51,285,750,657,422,499,360,151,79,402,285,1186,292,403,922,896,31,179,151,94,800,625,355,118,628,1162,263,45,99,34,161,21,46,54,25,328
7,545,5,92,17,37,31,4,119,94,40,95,169,112,63,405,949,498,565,524,161,197,851,1450,1059,261,835,1394,340,124,144,36,775,763,515,69,529,1244,627,88,88,167,46,147,22,49,49,17,306,154,73,45,63,23,37,39,39,40,57,69,87,132,237,94,141,1158,829,644,588,386,394,72,420,430,1318,376,590,1516,1399,114,134,160,262,931,737,473,69,1005,1110,455,40,95,81,181,35,51,68,22,351
8,541,4,49,40,15,52,18,100,103,32,37,126,118,95,520,1637,568,365,490,124,163,762,1258,805,403,706,1230,340,144,180,60,887,998,410,32,676,1157,337,55,93,101,16,218,18,72,60,25,219,155,61,47,45,32,42,68,41,30,112,72,109,87,203,93,321,968,651,884,782,300,371,70,371,289,1225,332,583,1227,1190,79,164,191,392,1498,919,431,93,1267,1151,292,76,142,73,125,45,55,68,11,267
4,361,1,179,14,43,33,27,91,63,64,48,114,135,37,434,1390,483,422,590,188,113,804,1452,892,352,943,1398,326,165,152,21,748,906,549,7,547,1434,611,62,60,136,34,176,17,71,47,5,330,145,91,59,19,6,75,48,31,51,77,79,65,86,215,137,223,1327,794,430,658,368,282,111,375,361,1217,299,674,1319,1232,52,207,86,312,1133,1048,452,45,1073,1515,344,34,132,59,160,55,79,27,6,402
8,423,17,100,35,49,68,45,108,70,29,54,138,100,55,535,1540,426,319,499,64,150,924,1315,817,435,677,918,379,133,190,53,747,862,410,15,555,1399,360,89,90,172,56,219,19,62,67,22,290,63,140,34,35,29,51,33,31,26,84,58,66,91,110,94,192,486,595,823,882,290,372,86,233,404,1106,305,546,1313,709,115,138,188,258,1121,1016,242,46,945,1096,297,44,138,45,125,45,54,82,6,278
27,498,13,109,44,66,23,7,79,32,69,62,82,112,77,461,1233,384,427,440,200,253,935,1450,708,384,882,1220,425,90,139,55,751,964,403,3,379,1337,306,78,147,169,13,163,30,102,64,41,320,118,109,54,61,27,27,73,49,28,37,72,92,136,165,72,374,1373,606,387,795,343,149,43,438,326,1143,254,559,1209,1099,59,186,148,271,1068,845,449,62,1119,1454,298,72,97,44,124,26,67,73,9,324
28,472,2,118,33,17,43,45,82,73,83,83,106,129,76,431,1232,434,443,480,142,166,811,1262,945,185,747,1318,363,116,131,41,919,1042,347,26,666,1255,482,83,126,163,43,161,13,29,34,10,314,93,43,40,36,13,38,25,38,25,29,43,50,122,151,118,133,660,650,851,592,401,348,54,207,316,1242,227,727,1039,933,96,135,105,260,1224,803,274,45,993,1080,353,76,153,53,120,68,65,12,14,105
1,303,6,106,31,6,35,17,72,73,16,69,40,104,52,352,1213,428,342,562,78,184,930,1159,713,281,777,1095,244,100,145,37,593,953,491,5,464,1088,611,67,73,129,16,161,44,70,32,33,281,97,33,32,37,16,68,26,16,54,30,44,46,96,149,124,331,1319,525,387,601,265,153,31,283,115,1042,277,511,807,757,70,146,164,121,772,595,430,51,874,1023,265,68,171,95,149,27,59,79,11,175
14,432,13,141,10,21,21,14,61,59,61,67,174,161,41,384,1219,558,381,569,165,138,958,1129,832,220,857,1406,398,124,185,78,724,746,445,34,529,1364,483,133,142,161,40,186,54,12,39,7,297,91,37,24,11,10,16,37,33,31,39,73,30,79,147,147,71,983,679,843,636,304,443,113,204,294,1485,395,506,1208,1076,100,177,194,203,1181,719,435,90,985,1321,180,10,186,43,130,77,76,84,26,146
2,454,2,88,26,12,25,18,46,41,47,28,49,205,27,319,882,369,421,531,154,82,1057,1035,1056,207,712,1189,336,101,139,97,703,750,485,12,412,1122,431,80,69,79,31,182,17,24,13,21,315,120,24,6,13,11,12,4,41,35,57,10,31,18,144,97,117,860,614,660,478,209,234,98,213,192,1300,410,423,1219,1136,93,180,231,267,1202,851,237,5,1040,1559,173,39,143,8,98,36,13,22,16,171
16,365,1,106,62,19,65,16,52,127,28,58,99,163,19,503,1328,324,445,439,144,184,832,1178,656,296,669,1168,217,110,140,18,746,666,447,52,329,995,419,95,90,124,50,125,13,66,47,33,366,80,99,41,38,16,56,37,37,39,17,48,95,47,193,70,193,939,563,592,681,298,179,128,221,207,1027,404,328,1007,621,45,148,227,241,935,660,403,92,804,1608,296,89,115,25,129,18,23,29,9,222
4,409,5,121,27,25,26,15,90,67,23,21,127,74,56,377,831,378,448,398,145,70,842,1361,897,180,683,1256,319,116,129,34,581,781,443,14,324,1211,491,76,24,186,23,134,23,18,21,11,277,95,30,14,33,17,40,31,30,46,41,58,35,126,168,25,127,909,555,679,614,250,221,120,218,148,1252,442,409,1236,976,101,139,166,90,682,750,309,66,756,1482,233,18,140,72,169,46,18,82,7,135
11,536,3,110,50,37,35,48,125,95,102,42,110,182,115,366,1273,416,458,492,104,221,762,1059,624,325,831,1072,372,128,193,74,927,904,446,57,528,1084,350,99,125,82,72,208,2,60,58,25,310,135,53,43,43,22,28,57,55,74,75,81,30,76,171,123,221,697,583,714,595,233,260,78,259,236,1233,372,569,1116,946,110,149,200,356,1079,973,333,52,906,1331,223,146,157,35,97,32,74,70,12,306
8,466,0,113,25,23,35,17,90,57,28,37,55,112,9,325,1011,382,388,495,154,116,486,992,802,294,618,1135,333,101,161,80,559,786,583,4,249,956,355,89,16,131,12,214,28,96,33,9,527,122,77,17,32,10,67,16,25,62,49,21,28,45,166,74,97,881,622,785,422,286,247,126,231,206,1052,366,304,1191,1141,35,123,81,84,830,764,370,24,468,1161,199,28,63,90,95,49,66,61,11,126
14,652,23,136,58,32,74,75,106,123,87,43,94,124,66,407,1255,386,478,364,98,145,664,1147,662,359,790,1028,403,130,166,75,974,895,466,8,418,1421,282,113,71,183,68,167,9,27,73,8,258,82,113,63,59,49,48,52,30,63,69,84,29,64,109,80,177,807,581,736,732,295,323,88,248,217,1192,363,559,1155,963,102,138,219,236,1122,914,265,58,678,1020,305,118,91,66,165,50,87,83,13,276
4,284,9,82,31,24,30,9,61,58,33,59,92,120,83,283,772,331,424,390,77,174,791,1171,567,292,672,1041,319,108,176,52,697,778,354,13,244,810,212,82,92,136,38,186,31,45,7,14,373,149,101,35,45,18,61,67,30,32,36,37,57,120,70,50,274,1059,606,405,736,230,245,53,242,126,890,312,347,1093,896,83,137,72,170,846,674,367,36,967,1092,145,47,68,46,110,9,42,59,24,260
10,508,0,178,10,19,67,22,45,30,10,60,51,138,15,305,1120,521,303,582,199,100,632,1202,796,236,652,1197,459,92,104,45,954,879,443,12,393,1397,453,107,111,175,18,142,69,44,17,19,264,77,33,31,16,19,28,13,48,24,26,36,37,72,103,137,146,690,607,714,508,292,233,68,237,238,1197,317,567,1173,1113,124,128,116,279,1088,860,314,24,1145,652,248,102,117,16,78,45,40,56,11,156
10,334,1,113,33,5,4,39,140,70,58,46,97,59,56,519,1181,336,419,521,111,186,726,1215,557,284,859,968,254,63,138,34,511,1122,476,33,336,1255,514,63,102,188,2,235,15,89,22,11,223,70,120,32,43,5,46,45,35,26,56,68,25,70,164,47,202,1029,554,381,674,312,128,104,219,169,986,403,484,884,1078,65,135,158,248,678,718,310,103,1064,844,275,129,145,66,73,15,70,33,7,255
3,459,3,129,4,4,19,9,40,34,40,77,71,67,44,333,1074,434,362,436,134,159,966,1229,809,322,998,1169,290,98,167,75,833,906,548,20,427,1107,345,63,55,128,29,129,43,11,15,10,310,83,58,29,23,9,60,32,53,59,58,48,29,49,161,176,147,962,764,654,619,274,407,120,257,230,1447,215,415,1083,1128,97,99,208,235,1052,816,257,58,690,1445,294,25,128,58,31,35,5,58,9,250
23,399,22,172,25,25,47,64,87,65,70,72,42,156,45,303,1338,456,333,525,163,189,909,1106,726,306,690,1237,466,103,146,117,708,939,436,21,504,1093,378,82,104,155,57,137,71,65,78,23,305,98,112,71,54,38,20,109,55,37,74,59,106,100,153,78,146,822,606,743,762,314,321,97,269,189,1267,340,505,1236,1021,122,196,195,287,1135,921,397,46,1123,1242,289,133,134,89,57,19,76,66,14,263
4,349,2,91,5,12,61,18,47,63,15,36,38,149,33,410,865,436,298,462,85,91,621,1038,662,403,700,945,214,114,110,21,633,648,456,7,276,1366,403,58,44,123,21,195,26,38,66,7,258,77,63,24,16,18,24,19,42,33,48,38,54,40,162,112,111,924,602,508,496,239,203,28,208,286,1157,310,346,645,1061,63,162,175,148,938,938,328,31,824,1162,298,35,167,83,46,49,25,31,10,105
3,414,9,145,10,52,44,42,89,69,94,75,145,102,71,458,1453,325,387,430,123,172,874,1323,809,257,880,1115,380,119,222,116,556,801,536,29,496,1136,336,44,139,121,18,104,31,35,37,6,362,151,87,37,30,69,126,83,96,60,28,79,93,96,193,125,144,879,576,800,642,256,285,49,220,217,1284,359,623,1297,960,101,195,227,413,1122,933,352,117,1035,1434,249,80,161,68,117,90,27,95,9,333
0,337,9,160,10,15,34,60,65,42,26,31,100,125,13,339,1004,322,508,357,123,85,553,1406,607,288,760,981,379,136,185,32,371,761,390,15,435,677,480,103,59,112,24,163,22,27,32,11,283,107,40,18,30,5,59,67,80,63,58,43,59,38,155,105,75,792,531,520,550,324,250,84,221,246,979,325,296,1036,992,71,141,171,113,898,914,291,6,917,1393,319,51,140,22,126,31,32,47,20,386
6,451,11,105,46,35,71,14,32,36,32,26,41,119,31,313,1030,365,495,482,156,98,969,1028,775,298,697,1267,500,97,146,43,568,946,529,2,419,1084,528,73,126,120,40,136,13,27,38,1,264,86,42,12,28,14,27,36,60,42,40,52,45,17,98,96,158,803,677,569,485,238,316,58,349,228,1213,372,496,1206,984,105,148,260,99,1077,756,316,23,1064,1273,268,28,143,36,94,42,25,65,10,109
2,281,8,115,19,76,22,29,58,42,5,45,63,123,33,262,995,251,410,375,84,141,929,969,582,363,516,1028,136,88,56,55,709,813,377,5,343,783,312,101,97,117,25,186,27,37,23,15,320,137,57,7,43,10,49,31,35,66,49,17,49,93,191,102,160,1174,628,635,650,310,123,92,138,118,853,239,288,1111,928,79,160,126,50,804,804,298,47,718,1160,356,85,84,41,70,30,51,60,14,277
7,288,4,98,11,12,28,12,77,4,12,25,42,69,23,211,698,357,292,330,115,171,906,1228,713,260,549,678,224,127,135,35,640,815,377,14,316,873,372,71,92,131,22,126,22,21,59,5,296,85,63,43,43,31,30,45,38,75,40,22,58,55,134,33,232,973,481,348,480,387,167,42,200,117,838,234,360,745,742,44,120,71,103,587,821,332,69,767,909,298,36,66,22,114,20,54,61,10,190
3,368,11,150,8,42,18,32,78,67,33,37,100,116,52,371,974,412,413,399,153,64,875,1410,912,223,519,1496,425,156,113,63,612,1040,557,19,560,1377,618,99,61,142,31,184,54,21,37,3,186,117,48,31,45,38,21,59,42,74,35,42,42,81,129,111,184,930,701,756,584,465,262,87,157,251,1210,336,394,968,970,55,145,119,249,1102,837,434,55,930,994,265,67,102,13,39,53,37,44,8,105
0,274,0,80,10,19,16,13,78,24,44,27,90,134,15,387,953,310,223,337,128,152,767,1132,923,306,610,935,181,84,163,31,690,724,395,10,275,708,563,62,65,102,18,180,42,77,34,1,280,94,70,25,39,24,36,50,30,44,34,73,30,77,125,69,226,1020,333,380,501,260,253,44,255,131,1016,204,287,873,748,19,108,134,98,555,833,350,83,722,1219,344,40,76,33,69,10,19,33,18,179
11,383,14,138,5,48,18,25,68,40,39,52,70,113,65,529,867,383,344,406,156,177,807,1154,871,332,415,1213,323,138,138,60,656,907,440,46,479,1261,559,75,53,130,21,136,35,31,28,11,241,118,75,29,45,61,16,27,31,25,20,60,23,29,104,67,143,706,720,709,617,349,306,40,300,246,1292,283,387,1012,1152,80,164,141,176,1158,877,339,57,909,1437,306,55,130,24,107,80,27,19,5,171
1,335,4,101,5,14,23,7,39,5,14,49,94,65,43,284,893,273,305,381,172,100,914,785,518,314,565,908,347,99,94,19,612,590,380,37,406,704,202,48,60,149,13,141,10,1,11,1,177,46,44,19,16,27,25,18,53,30,42,70,33,77,75,43,174,476,405,425,322,384,274,45,289,220,1072,302,429,791,699,34,98,132,225,900,515,231,44,854,844,241,38,49,26,103,37,13,23,7,126
1,282,1,72,14,13,17,23,60,79,38,23,84,119,21,371,776,411,347,449,189,55,932,1303,904,294,606,999,306,120,156,35,749,944,606,3,219,1280,681,78,57,100,16,166,26,33,39,0,295,51,64,31,49,21,47,26,27,88,60,84,36,51,122,55,127,984,622,534,411,370,325,67,219,245,1000,340,320,975,1114,84,180,183,208,1078,835,564,52,1009,1299,306,49,150,43,93,34,34,24,19,183
6,310,9,54,9,25,23,19,39,16,49,29,33,69,44,202,740,309,355,431,83,75,703,1270,769,258,493,968,244,150,94,6,504,750,369,31,631,1215,498,86,93,130,22,64,17,0,14,2,235,145,83,14,29,23,34,32,29,45,71,23,44,55,71,50,235,672,301,668,409,315,369,49,277,229,756,196,306,773,728,35,106,163,232,925,672,257,36,779,1018,153,40,40,28,60,13,43,29,0,151
0,263,0,108,22,20,47,44,51,48,15,34,41,130,64,341,790,376,249,436,189,143,640,1318,1077,242,530,1126,284,96,149,16,587,716,395,18,410,1204,718,95,70,121,14,134,18,45,16,5,259,67,69,16,82,10,21,17,28,33,53,41,20,36,90,64,92,1061,621,560,291,294,256,96,140,238,1046,255,196,908,838,42,159,156,117,831,777,330,31,726,1208,248,26,115,45,80,39,31,41,2,192
0,355,6,102,44,55,38,31,82,43,19,69,76,124,48,355,739,331,362,417,180,91,1206,1310,1019,336,582,1255,460,151,162,37,626,903,581,38,495,1423,572,67,94,145,41,140,29,66,91,1,243,148,70,25,46,34,29,51,53,69,60,90,23,70,151,94,126,889,587,713,563,267,285,31,213,319,1167,335,426,842,844,22,171,128,225,1000,996,317,74,781,910,190,30,125,21,54,69,46,61,1,146
10,281,1,134,23,39,17,12,29,49,38,22,76,131,83,263,813,398,232,333,75,69,754,1199,526,258,552,1046,266,82,123,18,672,797,482,12,454,871,631,146,87,140,18,192,22,71,5,2,120,53,19,27,36,28,38,32,34,51,25,33,15,71,60,32,175,1311,460,474,440,237,147,54,141,246,845,283,261,919,689,48,134,117,122,644,746,404,56,684,1068,209,33,100,49,115,35,18,23,3,193
5,394,6,121,21,43,31,33,22,63,45,43,94,150,54,364,1010,490,330,367,164,102,773,1228,1090,252,569,1488,367,146,141,36,817,951,521,53,378,1332,565,25,81,183,33,117,42,62,47,1,224,137,52,11,42,12,7,23,43,42,70,43,28,51,180,89,111,907,755,759,466,273,347,58,293,240,1375,282,332,1049,1100,40,88,167,199,1123,1049,396,61,1014,929,293,66,157,41,92,46,27,35,15,113
14,301,7,110,17,24,31,14,19,41,31,56,45,53,27,409,890,349,324,349,117,99,1031,913,612,282,520,1076,295,152,143,16,301,759,355,19,139,1064,598,145,47,122,15,120,6,57,56,0,252,90,56,28,41,32,44,37,22,40,33,38,26,61,94,58,227,1021,542,559,472,332,206,77,191,194,766,249,295,867,891,75,149,163,168,825,575,283,58,654,1168,229,50,104,28,115,30,32,4,6,197
2,316,5,126,39,46,55,34,78,30,52,31,71,150,33,313,847,353,339,330,107,161,884,1437,976,238,564,1083,371,131,124,51,537,941,442,36,480,1178,687,122,41,176,62,150,48,88,45,11,216,101,32,16,32,22,41,45,28,59,42,44,68,89,117,63,197,855,549,565,595,386,309,58,253,328,1207,297,391,1063,1052,88,151,169,120,1008,963,376,35,975,1294,262,44,79,60,125,31,17,26,7,152
1,315,1,95,28,55,31,23,37,23,17,56,69,52,28,273,888,313,369,340,91,96,1115,1118,713,302,481,920,240,96,86,16,437,706,385,17,424,873,319,44,65,50,53,85,36,62,20,0,185,59,21,12,22,28,27,28,33,14,24,45,39,32,57,42,169,620,406,682,389,278,243,59,313,206,925,168,422,862,872,45,174,87,223,803,813,215,52,784,926,178,50,37,29,95,53,37,21,3,180
4,370,0,119,14,42,22,39,76,62,42,27,56,121,39,317,717,423,283,425,173,87,641,1144,774,174,526,984,271,133,150,35,554,806,526,18,253,1037,640,66,62,58,44,142,38,33,69,5,177,115,68,32,44,15,40,39,19,37,48,53,31,29,123,78,168,936,497,580,388,284,299,49,269,225,876,369,235,1006,944,40,134,87,134,825,816,353,53,926,1099,223,24,123,31,95,44,58,20,6,183
2,297,1,75,12,44,28,24,38,69,28,30,72,83,41,259,800,320,404,352,101,138,743,1001,648,233,411,879,215,125,125,17,422,733,430,13,407,850,281,42,155,62,16,141,12,4,32,1,261,70,49,30,30,9,9,39,15,22,67,29,47,41,129,59,109,806,406,619,460,290,261,72,196,165,1053,269,337,787,636,53,127,102,85,922,548,347,27,823,877,160,42,86,39,82,19,26,27,2,78
10,385,0,90,14,41,34,75,45,31,91,58,70,88,123,302,1021,358,261,506,78,96,689,1078,912,279,655,992,347,144,128,11,563,868,392,19,416,1215,397,84,132,198,46,115,30,30,64,25,266,93,69,21,45,68,41,55,51,81,47,9,80,96,63,107,204,741,461,549,499,261,295,65,274,211,903,256,442,1199,624,35,126,160,190,768,699,295,135,766,969,160,65,33,67,71,109,37,47,7,122
7,520,0,127,14,28,23,10,49,84,18,49,75,99,75,346,895,473,340,418,197,61,715,1230,978,291,728,1214,320,139,123,23,735,843,451,7,308,1014,496,67,76,146,14,120,8,39,51,5,221,106,39,22,54,18,12,22,32,44,34,27,35,75,148,43,294,1117,483,494,423,412,279,69,211,189,1117,213,299,1103,1057,51,161,98,174,962,830,462,22,1015,1229,275,24,123,53,131,25,26,44,13,247
0,388,1,180,30,43,31,4,53,29,10,22,33,87,16,537,1134,444,331,524,164,55,1000,1136,882,374,578,1116,426,171,138,7,638,742,531,21,426,1141,351,53,31,67,40,165,15,74,64,0,153,72,49,38,66,7,12,48,57,59,46,52,27,65,127,127,226,601,467,536,533,398,287,46,275,243,1297,217,458,966,717,33,171,109,229,800,902,264,138,874,864,224,52,85,15,22,54,40,33,3,192
2,254,2,170,31,27,30,11,53,56,19,36,123,77,82,324,765,332,502,489,174,101,578,1117,870,344,573,980,261,81,127,41,598,838,447,11,266,1088,455,92,45,200,12,203,23,57,44,3,184,79,49,38,68,8,11,36,15,62,33,38,32,98,67,60,144,1110,486,536,490,341,138,93,310,360,728,280,412,1142,864,35,115,71,173,779,833,337,42,537,1185,215,59,96,48,84,5,29,45,8,175
5,337,2,116,4,37,14,47,45,48,51,37,129,93,37,301,885,417,306,387,217,84,614,1161,718,214,753,1167,428,123,156,31,684,784,490,41,389,959,392,60,123,113,16,254,53,21,53,3,302,94,45,9,15,15,8,42,41,15,65,69,39,112,131,110,233,1108,626,621,422,330,369,59,324,291,1383,278,443,1293,1049,23,170,120,203,1304,924,268,65,1062,960,251,33,144,60,97,65,11,34,0,105
7,374,1,83,23,32,28,11,55,31,49,49,86,41,31,443,961,389,340,424,177,70,947,1090,867,337,580,1174,263,157,185,15,362,701,473,1,382,965,469,93,112,42,21,231,5,33,6,0,340,106,34,25,66,26,27,40,15,62,22,53,28,56,63,59,342,963,582,302,526,330,256,70,264,241,971,263,363,1094,881,18,155,162,205,1118,626,335,80,607,1204,323,85,79,24,82,16,28,28,17,262
4,332,0,98,22,52,20,13,45,5,74,20,92,57,29,383,924,300,282,392,157,94,809,1274,818,280,628,1066,245,137,141,25,543,778,495,19,306,1139,490,125,88,127,19,134,28,27,49,0,248,117,40,17,43,41,19,42,9,32,23,45,28,51,57,84,340,909,362,518,587,426,367,22,375,261,1104,173,299,877,1063,48,122,138,229,1051,1057,428,68,916,1156,251,42,138,52,74,60,15,23,4,152
4,420,0,136,27,113,74,61,27,40,36,46,95,46,85,455,944,347,377,477,126,93,709,1208,784,312,519,1009,360,115,118,29,597,1037,369,20,395,1006,324,92,170,101,66,116,73,58,102,3,189,76,7,21,39,50,8,26,18,113,68,53,27,102,108,137,256,623,461,607,338,203,231,106,400,267,1040,154,329,1168,734,65,141,119,189,864,806,247,102,1010,1049,357,69,63,86,81,45,62,10,3,129
4,471,0,156,34,24,55,32,90,36,30,47,49,76,113,411,1216,359,351,470,175,87,705,1158,834,408,614,1268,312,157,133,42,528,890,516,6,263,1204,505,59,43,85,18,181,35,32,38,2,267,104,67,23,39,9,22,40,29,43,40,54,17,80,163,64,310,933,477,625,361,386,376,96,271,291,1221,289,269,1112,1149,28,138,170,220,1097,857,495,43,783,1106,298,41,66,76,103,33,31,26,11,285
9,384,0,79,48,55,24,12,59,102,64,36,107,150,63,361,1024,322,442,485,191,106,746,969,808,316,436,1174,297,118,125,92,558,704,368,7,424,1081,348,90,132,105,19,154,48,16,97,0,168,95,98,38,22,28,10,57,35,103,53,55,54,83,154,117,267,974,453,567,425,266,362,38,275,196,951,229,331,1001,544,64,132,141,152,886,844,234,65,790,1074,226,95,92,58,65,49,13,22,0,171
13,346,1,106,26,15,16,33,99,27,34,27,43,66,80,431,1073,462,450,375,173,64,832,895,658,437,727,1060,185,128,102,43,801,771,472,29,412,870,405,114,87,95,36,246,28,9,19,2,275,109,70,50,36,17,25,21,31,84,29,80,41,52,141,27,214,844,392,487,649,421,248,68,379,189,844,239,340,945,701,35,145,126,200,798,822,363,105,892,1306,276,67,90,77,99,51,32,25,5,215
10,308,9,181,13,20,19,14,43,37,29,40,65,143,131,370,1144,391,312,373,174,23,572,988,675,342,598,1135,450,107,147,26,553,809,363,15,475,1121,352,30,64,98,47,135,55,4,57,1,267,230,36,1,35,12,17,24,29,57,33,17,47,49,117,80,208,750,486,564,465,319,308,51,159,384,1244,244,310,1034,818,59,125,200,202,1244,880,366,63,1110,1137,230,49,43,19,88,58,34,48,0,68
1,320,0,71,8,46,25,21,45,16,46,34,101,95,34,342,794,282,363,379,120,90,788,1341,887,397,746,1030,255,89,177,38,855,691,459,3,352,1143,483,62,59,52,61,115,42,27,14,0,276,114,54,21,41,27,30,53,42,71,20,39,36,44,91,64,262,878,341,468,506,438,194,62,334,144,1297,225,360,1178,797,46,137,112,79,757,719,405,58,670,1143,285,47,78,23,104,4,14,29,13,280
13,316,3,123,5,18,23,19,32,51,15,63,37,142,55,576,1105,406,439,506,158,124,554,1065,638,253,595,1214,271,164,148,53,699,756,424,6,493,1269,338,110,137,101,28,102,31,44,29,3,158,89,40,31,33,56,14,34,29,60,8,43,11,60,62,51,113,646,578,435,458,318,331,46,393,207,1240,199,394,766,1014,47,176,114,149,1196,869,311,47,907,1010,192,40,83,40,101,36,10,27,4,105
8,348,0,103,40,87,41,82,76,70,40,64,103,137,95,289,1135,302,403,499,200,130,756,971,572,308,667,891,326,131,129,52,822,736,499,45,356,1082,202,63,144,116,49,170,56,5,58,8,243,42,34,30,46,40,16,30,73,81,44,129,32,76,89,114,264,404,334,414,462,269,252,44,302,180,998,257,456,917,936,53,132,96,200,950,717,246,96,767,803,183,62,116,42,71,55,21,26,9,212
7,412,2,95,12,22,5,24,62,56,30,12,60,43,45,360,1027,431,364,459,167,74,853,1170,803,290,605,1159,347,130,136,47,732,916,479,7,221,1163,452,140,76,148,77,180,15,17,23,2,243,62,60,25,13,11,25,24,19,52,30,57,23,53,113,22,149,991,572,395,345,313,275,72,217,225,1097,229,418,1283,1222,48,123,119,167,928,836,453,106,714,1268,265,42,84,62,123,33,64,24,1,124
